Workbook

Sheet BPOP General Info
A1: Baseball Performance Optimization Program - BPOP
A3: Email | B3: mybaseballpop@gmail.com
A4: website | B4: www.baseballpop.com
A6: Full Name | B6: Baseball Performance Opimization Program
A7: Short Name | B7: Bpop
A9: Connections | B9: Github | D9: Baseballpop1213 | E9: !Norman12
B10: Repository | D10: Baseballpop_main
B12: Supabase Postgres Database Password | D12: Baseballpop's Org | E12: GlVn7hCe1jUowoxv
A16: Logos | B16: #VALUE! | C16: #VALUE! | D16: #VALUE! | E16: #VALUE! | F16: #VALUE!
B18: ,png | C18: .png | D18: .jpeg | E18: .png | F18: .svg
B20: Main | C20: Alternate | E20: Dark Background | F20: Vector

Sheet BPOP HS College Pro Eval (OLD)
A1: BPOP High School, College, and Pro assessment
K2: High School Ranges | S2: College Ranges | AA2: Pro Ranges
A3: Primary Category | B3: Secondary Category | C3: Test Name | E3: Description | F3: Selection Type | G3: Selection Optons | H3: Selection Details | I3: Value Range | K3: Red Range | L3: Yellow Range | M3: Green Range | N3: Bronze Threshold | O3: Silver Threshold | P3: Gold Threshold | Q3: Platinum Threshold | S3: Red Range | T3: Yellow Range | U3: Green Range | V3: Bronze Threshold | W3: Silver Threshold | X3: Gold Threshold | Y3: Platinum Threshold | AA3: Red Range | AB3: Yellow Range | AC3: Green Range | AD3: Bronze Threshold | AE3: Silver Threshold | AF3: Gold Threshold | AG3: Platinum Threshold
A5: Athletic Skills | B5: Speed | C5: Timed Run 1B (90ft) | E5: Have the player run from home plate straight through 1st base. | F5: INPUT with Optional Stopwatch | H5: Time - Seconds to the hundreth | I5: 2 Seconds - 10 Seconds | U5: 4.35 | AC5: 4.2
C6: Timed Run 4B (360ft) | E6: Have the player run from home plate around all four bases. | F6: INPUT with Optional Stopwatch | H6: Time - Seconds to the hundreth | I6: 10 Seconds - 60 Seconds
C7: 40 Yard Dash | E7: Have the player run 40 yards. | F7: INPUT with Optional Stopwatch | H7: Time - Seconds to the hundreth | I7: 3 Seconds - 12 Seconds | K7: >5.25 | L7: 4.9 - 5.25 | M7: <4.9 | N7: <=4.9 | O7: 4.7-4.89 | P7: 4.6-4.69 | Q7: <4.6 | S7: >4.95 | T7: 4.65-4.95 | U7: <4.65 | V7: <=4.65 | W7: 4.55-4.64 | X7: 4.45-4.54 | Y7: <4.45 | AA7: >4.65 | AB7: 4.5-4.65 | AC7: <4.5 | AD7: <4.5 | AE7: 4.42-4.49 | AF7: 4.30-4.41 | AG7: <4.3
B9: Strength | C9: Pull Ups | E9: Record the number of pull-ups the player can do in 60 seconds | F9: INPUT with 60 second countdown Timer | H9: Number | I9: 0 - 100
C10: Push Ups | E10: Record the number of push ups the player can do in 60 seconds | F10: INPUT with 60 second countdown Timer | H10: Number | I10: 0 - 100
C11: Sit Ups | E11: Record the number of sit-ups the player can do in 60 seconds | F11: INPUT with 60 second countdown Timer | H11: Number | I11: 0 - 200
B13: Power | C13: Seated Chest Pass | E13: Have the player sit on the edge of a chair or bench and hold a medicine ball with both hands against their chest. Have the player throw the medicine ball forward as far as possible. The player gets 3 attempts | F13: INPUT | G13: Separate Entry for each of the 3 attempts | H13: Feet and Inches | I13: 2ft - 40 ft
C14: Sit up and throw | E14: Have the player start in a hook-line position with a medicine ball above their head. Have the player site up and throw the medicine ball as far as possible.The player gets 3 attempts | F14: INPUT | G14: Separate Entry for each of the 3 attempts | H14: Feet and Inches | I14: 2ft - 40 ft
C15: Vertical Jump | E15: Measure the player's max vertical jump. The player can squat slightly to start, but cannot take a running start.The player gets 3 attempts | F15: INPUT | G15: Separate Entry for each of the 3 attempts | H15: Inches to the .25 of an inch | I15: 4 inches - 50 inches
B17: Balance | C17: SLS Eyes Open | E17: Have the player get into a single leg stance with their thigh parallel to the ground and the arms by their side. Once stable, have them hold this position for as long as possible up to 30 seconds. | F17: INPUT with Stopwatch that automatically stops at 30 seconds. The user can click a stop button to record the time. | G17: Separate Entry for Right and Left Side | H17: Time - Seconds to the hundreth | I17: 0 Seconds - 30 Seconds
C18: SLS Eyes Closed | E18: Have the player get into a single leg stance with their thigh parallel to the ground and the arms by their side. Once stable, have the player close their eyes and hold this position for as long as possible up to 30 seconds. | F18: INPUT with Stopwatch that automatically stops at 30 seconds. The user can click a stop button to record the time. | G18: Separate Entry for Right and Left Side | H18: Time - Seconds to the hundreth | I18: 0 Seconds - 30 Seconds
B20: Mobility | C20: MSR | E20: Have the player stand straight, feet together, with a bat across the shoulders. Then have them rotate their body around to look behind. The player should be able to rotate their torso more than 180 degrees. | F20: SELECT - Less than 180 Degrees, Equal to 180 Degrees, Greater than 180 Degress | G20: Separate Selection for Right and Left Side | H20: Select only 1 option | I20: No Range - Specific Options
C21: Toe Touch | E21: Have the player stand tall with hte feet together. Have them try to touch their toes without bending the knees. If they can touch their toes, have them try to touch the ground in front of their toes. | F21: SELECT - Cannot Touch Toes, Touches Toes, Touches Ground | H21: Select only 1 option | I21: No Range - Specific Options
C22: Deep Squat | E22: Have the player stand with their feet shoulder width apart with the arms striaght above their head. Have them do a deep squat trying to get their pelvis below the knees without the arms moving forward or the ankles flaring. | F22: SELECT - Full Overhead Deep Squat, Arms Move Forward, Pelvis not below the knees, Ankles Flare | G22: Full Overhead Deep Squat, Arms move forward of head, Pelvis not below the hips, Ankles Flare | H22: Select 1 or Multiple Options - If "Full Overhead Deep Squat" is selected, then the other options become unavailable. If not, then the user could select one or more of the remaining options. | I22: No Range - Specific Options
A24: Hitting | B24: Contact | C24: Tee Line Drive Test | E24: Have the player attempt to hit line drives off a tee. Count how many the player can hit in a row with a maximum of 10. | F24: INPUT | H24: Number | I24: 0 - 10
B25: Power | C25: Max Exit Velo Tee | E25: The player gets 3 attempts to max out their exit velow off a tee. | F25: INPUT - Exit Velo | G25: Separate Input for each of the 3 attempts | H25: MPH | I25: 0 MPH - 140 MPH
B26: Contact and Power | C26: 10 Swing Fastball Matrix | E26: With live pitching or a machine, have the player take 10 swings on fastballs. The player can choose the 10 pitches. If the player swings and misses, they get 0 points. If the player hits a foul ball, foul tip, or weak infield ball, they get 1 point. If the player hits a ball that would roll past the infielders or a fly ball that could be caught by an infielder, they get 2 points. If the player hits a hard grounder or fly ball, they get 3 points. Balls that fly over the outfielders or hard gap/line hits will get 4 points. The player can get 5 points for a no-doubt home run. | F26: SELECT Miss, Foul, Weak Infield, Ground Ball, Hard Ground Ball, Fly Ball, Hard Gap or Line, Home Run, INPUT Exit Velo | G26: Separate Entry for each of the 10 Swings | H26: Selection and MPH | I26: 0 Points - 50 Points
B27: Contact and Power | C27: 5 Swing Curves | E27: With live pitching or a machine, have the player take 5 swings on Curves. The player can choose the 5 pitches. If the player swings and misses, they get 0 points. If the player hits a foul ball, foul tip, or weak infield ball, they get 1 point. If the player hits a ball that would roll past the infielders or a fly ball that could be caught by an infielder, they get 2 points. If the player hits a hard grounder or fly ball, they get 3 points. Balls that fly over the outfielders or hard gap/line hits will get 4 points. The player can get 5 points for a no-doubt home run. | F27: SELECT Miss, Foul, Weak Infield, Ground Ball, Hard Ground Ball, Fly Ball, Hard Gap or Line, Home Run, INPUT Exit Velo | G27: Separate Entry for each of the 5 Swings | H27: Selection and MPH | I27: 0 Points - 25 Points
B28: Contact and Power | C28: 5 Swing Varied Speed | E28: With live pitching or a machine, have the player take 5 swings on off-speed pitches. The player can choose the 5 pitches. Pitches in this test should vary from a full speed fastball to a very slow change-up. If the player swings and misses, they get 0 points. If the player hits a foul ball, foul tip, or weak infield ball, they get 1 point. If the player hits a ball that would roll past the infielders or a fly ball that could be caught by an infielder, they get 2 points. If the player hits a hard grounder or fly ball, they get 3 points. Balls that fly over the outfielders or hard gap/line hits will get 4 points. The player can get 5 points for a no-doubt home run. | F28: SELECT Miss, Foul, Weak Infield, Ground Ball, Hard Ground Ball, Fly Ball, Hard Gap or Line, Home Run, INPUT Exit Velo | G28: Separate Entry for each of the 5 Swings | H28: Selection and MPH | I28: 0 Points - 25 Points
B29: Power | C29: Max Bat Speed | E29: Have the player make dry swings with their game bat in front of a radar and measure the maximum bat speed. The player gets 3 attempts. | F29: INPUT | G29: Separate Input for each of the 3 attempts | H29: MPH | I29: 0 MPH - 120 MPH
A31: Position Specific | B31: Pitcher | C31: Max Pitch Velo | E31: Have the player throw 5 pitches from 60 feet 6 inches, trying to max out their Velocity. | F31: INPUT | G31: Separate Input for each of the 5 attempts | H31: MPH | I31: 0 MPH - 120 MPH
B32: Pitcher | C32: 10 Fastball Test | E32: Have the player pitch toward a 9-slot pitching target from 60 feet 6 inches. Before each pitch, the player should "call his shot" for the specific slot he is aiming at. The player gets 0 points if they miss the target, 1 point if they hit the target, but not in the chosen slot, and 3 points for hitting the called section of the target. | F32: SELECT Missed Target, Hit General Target, Hit Specific Section, INPUT Velocity | G32: Separate Entry for each of the 10 pitches | H32: Selection and MPH | I32: 0 Points - 30 Points, 0 MPH - 120 MPH
B33: Pitcher | C33: 5 Pitch Additional Pitch (from intake) | E33: Have the player pitch toward a 9-slot pitching target from 60 feet 6 inches. Before each pitch, the player should "call his shot" for the specific slot he is aiming at. The player gets 0 points if they miss the target, 1 point if they hit the target, but not in the chosen slot, and 3 points for hitting the called section of the target. | F33: SELECT Missed Target, Hit General Target, Hit Specific Section | G33: Separate Entry for each of the 5 pitches | H33: Selection | I33: 0 Points - 15 Points
B34: Pitcher | C34: 5 Pitch Additional Pitch (from intake) | E34: Have the player pitch toward a 9-slot pitching target from 60 feet 6 inches. Before each pitch, the player should "call his shot" for the specific slot he is aiming at. The player gets 0 points if they miss the target, 1 point if they hit the target, but not in the chosen slot, and 3 points for hitting the called section of the target. | F34: SELECT Missed Target, Hit General Target, Hit Specific Section, INPUT Velocity | G34: Separate Entry for each of the 5 pitches | H34: Selection and MPH | I34: 0 Points - 15 Points, 0 MPH - 120 MPH
B35: Pitcher | C35: 5 Pitch Additional Pitch (from intake) | E35: Have the player pitch toward a 9-slot pitching target from 60 feet 6 inches. Before each pitch, the player should "call his shot" for the specific slot he is aiming at. The player gets 0 points if they miss the target, 1 point if they hit the target, but not in the chosen slot, and 3 points for hitting the called section of the target. | F35: SELECT Missed Target, Hit General Target, Hit Specific Section, INPUT Velocity | G35: Separate Entry for each of the 5 pitches | H35: Selection and MPH | I35: 0 Points - 15 Points, 0 MPH - 120 MPH
B37: Catcher | C37: 20 Pitch Screen | E37: Have the catcher set up to catch a live pitcher or machine. Have the player catch 20 pitches. 10 pitches should be pretty standard strikes in the zone. 5 should be balls outside the zone, and 5 should be in the dirt in front of the player. The player gets 0 points for a passed ball, 1 point for a blocked ball that stays in front of them, and 2 points for a catch or scoop. | F37: SELECT Pitch Type - In the Zone, Outside the Zone, In the Dirt, SELECT Passed Ball, Blocked Ball, Catch, Scoop | G37: Separate Entry for each of the 20 pitches | H37: Multiple Selections | I37: 0 Points - 40 Points
B38: Catcher | C38: Timed throw to 2B | E38: Have the catcher receive a pitch a then throw it to second base. There can be a target or player at second base. Time the player from the time the ball crosses the plate to the time the ball reaches second base. | F38: INPUT with optional stopwatch | H38: Time - Seconds to the hundreth | I38: .5 seconds - 6 seconds
B39: Catcher | C39: Target Throw 2B | E39: Have the catcher receive 5 pitches and then throw it to 2B. The player gets one point for catching the ball and making a throw, and 3 points for hitting the target. | F39: SELECT No Catch, Throw Missed Target, Throw Hit Target | G39: Separate Entry for each of the 5 pitches | H39: Selection | I39: 0 Points - 15 Points
B41: First Base | C41: 10 Catch 1B | E41: Have the player set up at first base to take throws from ShortStop. Have a machine or player throw 10 balls at the player. 5 should be good throws and 5 should be high, low, or to the sides of the player. The player gets 0 points for a missed catch that gets by, 1 point for a blocked ball , and 3 points for a catch with the foot on the bag. | F41: SELECT Throw Type - Good or Hard, INPUT Miss, Blocked, or Catch | G41: Separate Entry for each of the 10 throws | H41: Multiple Selections | I41: 0 Points - 30 Points
B42: First Base | C42: Scoops Test | E42: Have a machine or player stand 40ft from first base. Throw 10 balls short of the player that the first baseman must scoop. The player gets 0 points for a missed catch that gets by, 1 point for a blocked ball, and 3 points for a scoop with the foot on the bag. | F42: SELECT Miss, Blocked Ball, Catch | G42: Separate Entry for each of the 10 throws | H42: Selection | I42: 0 Points - 30 Points
B43: First Base | C43: First Base R/L/C Grounders | E43: Hit a total of 6 ground balls to the player at first base. 2 will be to the center, 2 will make the player move at least 10 feet to the right, and 2 will make the player move at least 10 feet to the left. The player will get 0 points if they fail to field the ground ball, and 2 points if they field the ball and run to touch first base. | F43: SELECT - Right, Center, Left, SELECT - Didn't Field, Fielded but Missed Target, Fielded and Hit Target | G43: Separate Entry for each of the 6 grounders | H43: Multiple Selections | I43: 0 Points - 12 Points
B44: First Base | C44: Flys | E44: Hit 3 fly balls to the first base side. These can be into foul territory, behind the player or in front of the player. The player gets 2 points for each catch and 0 for each miss. | F44: SELECT - Miss, Catch | G44: Separate Entry for each of the 3 fly balls | H44: Selection | I44: 0 Points - 6 Points
B45: First Base | C45: Line Drives | E45: Hit 3 line drives to the player at first base. The player gets 2 points for a catch and 0 for a miss. | F45: SELECT - Miss, Catch | G45: Separate Entry for each of the 3 Line Drives | H45: Selection | I45: 0 Points - 6 Points
B47: Middle Infield (2B, SS, 3B) | C47: R/L/C Grounders 2B | E47: Hit 6 ground balls to the player at 2B. 2 should be at the player, 2 should make the player move at least 10ft to the right, and 2 should make the player move at least 10ft to the left. The player should not know what direction is coming. The player gets 1 point for fielding the ball cleanly and 2 points if they field it cleanly and hit the target at first base. | F47: SELECT - Right, Center, Left, SELECT - Didn't Field, Fielded but Missed Target, Fielded and Hit Target | G47: Separate Entry for each of the 6 grounders | H47: Multiple Selections | I47: 0 Points - 12 Points
C48: R/L/C Grounders SS | E48: Hit 6 ground balls to the player at SS. 2 should be at the player, 2 should make the player move at least 10ft to the right, and 2 should make the player move at least 10ft to the left. The player should not know what direction is coming. The player gets 1 point for fielding the ball cleanly and 2 points if they field it cleanly and hit the target at first base. | F48: SELECT - Right, Center, Left, SELECT - Didn't Field, Fielded but Missed Target, Fielded and Hit Target | G48: Separate Entry for each of the 6 grounders | H48: Multiple Selections | I48: 0 Points - 12 Points
C49: R/L/C Grounders 3B | E49: Hit 6 ground balls to the player at 3B. 2 should be at the player, 2 should make the player move at least 10ft to the right, and 2 should make the player move at least 10ft to the left. The player should not know what direction is coming. The player gets 1 point for fielding the ball cleanly and 2 points if they field it cleanly and hit the target at first base. | F49: SELECT - Right, Center, Left, SELECT - Didn't Field, Fielded but Missed Target, Fielded and Hit Target | G49: Separate Entry for each of the 6 grounders | H49: Multiple Selections | I49: 0 Points - 12 Points
B50: Middle Infield (2B, SS, 3B) | C50: Infield Fly 2B | E50: Hit 3 fly balls to the player at 2B. These should be within a 20ft radius around the player. The player gets 0 points for a miss and 2 points for a catch. | F50: SELECT - Miss, Catch | G50: Separate Entry for each of the 3 fly balls | H50: Selection | I50: 0 Points - 6 Points
C51: Infield Fly SS | E51: Hit 3 fly balls to the player at SS. These should be within a 20ft radius around the player. The player gets 0 points for a miss and 2 points for a catch. | F51: SELECT - Miss, Catch | G51: Separate Entry for each of the 3 fly balls | H51: Selection | I51: 0 Points - 6 Points
C52: Infield Fly 3B | E52: Hit 3 fly balls to the player at 3B. These should be within a 20ft radius around the player. The player gets 0 points for a miss and 2 points for a catch. | F52: SELECT - Miss, Catch | G52: Separate Entry for each of the 3 fly balls | H52: Selection | I52: 0 Points - 6 Points
B53: Middle Infield (2B, SS, 3B) | C53: Line Drives 2B | E53: Hit 3 Line Drives to the player at 2B. These should make the player move inside a 10ft radius. The player gets 0 points for a miss and 2 points for a catch. | F53: SELECT - Miss, Catch | G53: Separate Entry for each of the 3 Line Drives | H53: Selection | I53: 0 Points - 6 Points
C54: Line Drives SS | E54: Hit 3 Line Drives to the player at SS. These should make the player move inside a 10ft radius. The player gets 0 points for a miss and 2 points for a catch. | F54: SELECT - Miss, Catch | G54: Separate Entry for each of the 3 Line Drives | H54: Selection | I54: 0 Points - 6 Points
C55: Line Drives 3B | E55: Hit 3 Line Drives to the player at 3B. These should make the player move inside a 10ft radius. The player gets 0 points for a miss and 2 points for a catch. | F55: SELECT - Miss, Catch | G55: Separate Entry for each of the 3 Line Drives | H55: Selection | I55: 0 Points - 6 Points
B56: Middle Infield (2B, SS, 3B) | C56: SS to First Time | E56: Hit a ball or use a machine to send a ball to a player at shortstop. The ball should be approximately 60 MPH. Time the player from the moment the balll leaves the bat to the time the ball reaches First Base. | F56: INPUT with Optional Stopwatch | H56: Time - Seconds to the hundreth | I56: .5 seconds - 8 seconds
B60: Outfield | C60: 30X30 Matrix | E60: Set up a 30 yard radius around the player. Hit 10 fly balls to the player at varied points around the coverage area from 90 yards. The player gets 2 points for each catch and 0 for each miss. | F60: SELECT - Miss, Catch | G60: Separate Entry for each of the 10 fly balls | H60: Selection | I60: 0 Points - 20 Points
B61: Outfield | C61: 120ft throw to target | E61: Set up a pitching target at 120ft from the player. Have the player make 5 throws at the target. The player can get a running start as long as they don't move in front of the 120ft marker. The player gets 0 points for a throw that comes up more than 10 ft short of the target, 1 point for a throw that lands between 10ft and the target, 2 points for a throw that lands at or past the target but misses, and 4 points for each throw that hits the target. | F61: SELECT - >10ft Short, Lands short but misses the target, Bounces into the Target, Lands at or Past the Target, Hits the Target | G61: Separate Entry for each of the 5 throws | H61: Selection | I61: 0 Points - 20 Points
B62: Outfield | C62: Ground ball to home time | E62: Have the player set up 180 ft from home plate in either left or right field. Hit a ground ball with 60 mph exit velo at the player. Time the player from the moment the ball is hit or sent and when the ball crosses the area around home plate. | F62: INPUT with Optional Stopwatch | H62: Time - Seconds to the hundreth | I62: 2 seconds - 12 seconds

Sheet BPOP 12U-14U Eval (OLD)
A1: BPOP 14U-12U Assessment
K2: 12U Ranges | S2: 13U Ranges | AA2: 14U Ranges
A3: Primary Category | B3: Secondary Category | C3: Test Name | E3: Description | F3: Selection Type | G3: Selection Optons | H3: Selection Details | I3: Value Range | K3: Red Range | L3: Yellow Range | M3: Green Range | N3: Bronze Threshold | O3: Silver Threshold | P3: Gold Threshold | Q3: Platinum Threshold | S3: Red Range | T3: Yellow Range | U3: Green Range | V3: Bronze Threshold | W3: Silver Threshold | X3: Gold Threshold | Y3: Platinum Threshold | AA3: Red Range | AB3: Yellow Range | AC3: Green Range | AD3: Bronze Threshold | AE3: Silver Threshold | AF3: Gold Threshold | AG3: Platinum Threshold
A5: Athletic Skills | B5: Speed | C5: Timed Run 1B (90ft) | E5: Have the player run from home plate straight through 1st base. | F5: INPUT with Optional Stopwatch | H5: Time - Seconds to the hundreth | I5: 2 Seconds - 10 Seconds | U5: 4.35 | AC5: 4.2
C6: Timed Run 4B (360ft) | E6: Have the player run from home plate around all four bases. | F6: INPUT with Optional Stopwatch | H6: Time - Seconds to the hundreth | I6: 10 Seconds - 60 Seconds
B8: Strength | C8: Push Ups | E8: Record the number of push ups the player can do in 30 seconds | F8: INPUT with 30 second countdown Timer | H8: Number | I8: 0 - 50
C9: Sit Ups | E9: Record the number of sit-ups the player can do in 30 seconds | F9: INPUT with 30 second countdown Timer | H9: Number | I9: 0 - 50
B10: Power | C10: Vertical Jump | E10: Measure the player's max vertical jump. The player can squat slightly to start, but cannot take a running start.The player gets 3 attempts | F10: INPUT | G10: Separate Entry for each of the 3 attempts | H10: Inches to the .25 of an inch | I10: 4 inches - 50 inches
B11: Balance | C11: SLS Eyes Open | E11: Have the player get into a single leg stance with their thigh parallel to the ground and the arms by their side. Once stable, have them hold this position for as long as possible up to 30 seconds. | F11: INPUT with Stopwatch that automatically stops at 30 seconds. The user can click a stop button to record the time. | G11: Separate Entry for Right and Left Side | H11: Time - Seconds to the hundreth | I11: 0 Seconds - 30 Seconds
C12: SLS Eyes Closed | E12: Have the player get into a single leg stance with their thigh parallel to the ground and the arms by their side. Once stable, have the player close their eyes and hold this position for as long as possible up to 30 seconds. | F12: INPUT with Stopwatch that automatically stops at 30 seconds. The user can click a stop button to record the time. | G12: Separate Entry for Right and Left Side | H12: Time - Seconds to the hundreth | I12: 0 Seconds - 30 Seconds
B14: Mobility | C14: MSR | E14: Have the player stand straight, feet together, with a bat across the shoulders. Then have them rotate their body around to look behind. The player should be able to rotate their torso more than 180 degrees. | F14: SELECT - Less than 180 Degrees, Equal to 180 Degrees, Greater than 180 Degress | G14: Separate Selection for Right and Left Side | H14: Select only 1 option | I14: No Range - Specific Options
C15: Toe Touch | E15: Have the player stand tall with hte feet together. Have them try to touch their toes without bending the knees. If they can touch their toes, have them try to touch the ground in front of their toes. | F15: SELECT - Cannot Touch Toes, Touches Toes, Touches Ground | H15: Select only 1 option | I15: No Range - Specific Options
C16: Deep Squat | E16: Have the player stand with their feet shoulder width apart with the arms striaght above their head. Have them do a deep squat trying to get their pelvis below the knees without the arms moving forward or the ankles flaring. | F16: SELECT - Full Overhead Deep Squat, Arms Move Forward, Pelvis not below the knees, Ankles Flare | G16: Full Overhead Deep Squat, Arms move forward of head, Pelvis not below the hips, Ankles Flare | H16: Select 1 or Multiple Options - If "Full Overhead Deep Squat" is selected, then the other options become unavailable. If not, then the user could select one or more of the remaining options. | I16: No Range - Specific Options
A18: Hitting | C18: Tee Line Drive Test | E18: Have the player attempt to hit line drives off a tee. Count how many the player can hit in a row with a maximum of 10. | F18: INPUT | H18: Number | I18: 0 - 10
C19: Max Exit Velo Tee | E19: The player gets 3 attempts to max out their exit velow off a tee. | F19: INPUT - Exit Velo | G19: Separate Input for each of the 3 attempts | H19: MPH | I19: 0 MPH - 140 MPH
C20: 10 Swing Fastball Matrix | E20: With live pitching or a machine, have the player take 10 swings on fastballs. The player can choose the 10 pitches. If the player swings and misses, they get 0 points. If the player hits a foul ball, foul tip, or weak infield ball, they get 1 point. If the player hits a ball that would roll past the infielders or a fly ball that could be caught by an infielder, they get 2 points. If the player hits a hard grounder or fly ball, they get 3 points. Balls that fly over the outfielders or hard gap/line hits will get 4 points. The player can get 5 points for a no-doubt home run. | F20: SELECT Miss, Foul, Weak Infield, Ground Ball, Hard Ground Ball, Fly Ball, Hard Gap or Line, Home Run, INPUT Exit Velo | G20: Separate Entry for each of the 10 Swings | H20: Selection and MPH | I20: 0 Points - 50 Points
C21: 5 Swing Varied Speed | E21: With live pitching or a machine, have the player take 5 swings on off-speed pitches. The player can choose the 5 pitches. Pitches in this test should vary from a full speed fastball to a very slow change-up. If the player swings and misses, they get 0 points. If the player hits a foul ball, foul tip, or weak infield ball, they get 1 point. If the player hits a ball that would roll past the infielders or a fly ball that could be caught by an infielder, they get 2 points. If the player hits a hard grounder or fly ball, they get 3 points. Balls that fly over the outfielders or hard gap/line hits will get 4 points. The player can get 5 points for a no-doubt home run. | F21: SELECT Miss, Foul, Weak Infield, Ground Ball, Hard Ground Ball, Fly Ball, Hard Gap or Line, Home Run, INPUT Exit Velo | G21: Separate Entry for each of the 5 Swings | H21: Selection and MPH | I21: 0 Points - 25 Points
C22: Max Bat Speed | E22: Have the player make dry swings with their game bat in front of a radar and measure the maximum bat speed. The player gets 3 attempts. | F22: INPUT | G22: Separate Input for each of the 3 attempts | H22: MPH | I22: 0 MPH - 120 MPH
A24: Position Specific | B24: Pitcher | C24: Max Pitch Velo | E24: Have the player throw 5 pitches from 60 feet 6 inches, trying to max out their Velocity. | F24: INPUT | G24: Separate Input for each of the 5 attempts | H24: MPH | I24: 0 MPH - 120 MPH
B25: Pitcher | C25: 10 Fastball Test | E25: Have the player pitch toward a 9-slot pitching target from 60 feet 6 inches. Before each pitch, the player should "call his shot" for the specific slot he is aiming at. The player gets 0 points if they miss the target, 1 point if they hit the target, but not in the chosen slot, and 3 points for hitting the called section of the target. | F25: SELECT Missed Target, Hit General Target, Hit Specific Section, INPUT Velocity | G25: Separate Entry for each of the 10 pitches | H25: Selection and MPH | I25: 0 Points - 30 Points, 0 MPH - 120 MPH
B27: Catcher | C27: 10 Pitch Screen | E27: Have the catcher set up to catch a live pitcher or machine. Have the player catch 10 pitches. 6 pitches should be pretty standard strikes in the zone. 2 should be balls outside the zone, and 2 should be in the dirt in front of the player. The player gets 0 points for a passed ball, 1 point for a blocked ball that stays in front of them, and 2 points for a catch or scoop. | F27: SELECT Pitch Type - In the Zone, Outside the Zone, In the Dirt, SELECT Passed Ball, Blocked Ball, Catch, Scoop | G27: Separate Entry for each of the 10 pitches | H27: Multiple Selections | I27: 0 Points - 20 Points
B28: Catcher | C28: Timed throw to 2B | E28: Have the catcher receive a pitch a then throw it to second base. There can be a target or player at second base. Time the player from the time the ball crosses the plate to the time the ball reaches second base. | F28: INPUT with optional stopwatch | H28: Time - Seconds to the hundreth | I28: .5 seconds - 10 seconds
B29: Catcher | C29: Target Throw 2B | E29: Have the catcher receive 5 pitches and then throw it to 2B. The player gets one point for catching the ball and making a throw, and 3 points for hitting the target. | F29: SELECT No Catch, Throw Missed Target, Throw Hit Target | G29: Separate Entry for each of the 5 pitches | H29: Selection | I29: 0 Points - 15 Points
B31: First Base | C31: 10 Catch 1B | E31: Have the player set up at first base to take throws from ShortStop. Have a machine or player throw 10 balls at the player. 5 should be good throws and 5 should be high, low, or to the sides of the player. The player gets 0 points for a missed catch that gets by, 1 point for a blocked ball , and 3 points for a catch with the foot on the bag. | F31: SELECT Throw Type - Good or Hard, INPUT Miss, Blocked, or Catch | G31: Separate Entry for each of the 10 throws | H31: Multiple Selections | I31: 0 Points - 30 Points
B32: First Base | C32: Scoops Test | E32: Have a machine or player stand 40ft from first base. Throw 5 balls short of the player that the first baseman must scoop. The player gets 0 points for a missed catch that gets by, 1 point for a blocked ball, and 3 points for a scoop with the foot on the bag. | F32: SELECT Miss, Blocked Ball, Catch | G32: Separate Entry for each of the 5 throws | H32: Selection | I32: 0 Points - 15 Points
B33: First Base | C33: First Base R/L/C Grounders | E33: Hit a total of 6 ground balls to the player at first base. 2 will be to the center, 2 will make the player move at least 10 feet to the right, and 2 will make the player move at least 10 feet to the left. The player will get 0 points if they fail to field the ground ball, and 2 points if they field the ball and run to touch first base. | F33: SELECT - Right, Center, Left, SELECT - Didn't Field, Fielded but Missed Target, Fielded and Hit Target | G33: Separate Entry for each of the 6 grounders | H33: Multiple Selections | I33: 0 Points - 12 Points
B34: First Base | C34: Flys | E34: Hit 3 fly balls to the first base side. These can be into foul territory, behind the player or in front of the player. The player gets 2 points for each catch and 0 for each miss. | F34: SELECT - Miss, Catch | G34: Separate Entry for each of the 3 fly balls | H34: Selection | I34: 0 Points - 6 Points
B35: First Base | C35: Line Drives | E35: Hit 3 line drives to the player at first base. The player gets 2 points for a catch and 0 for a miss. | F35: SELECT - Miss, Catch | G35: Separate Entry for each of the 3 Line Drives | H35: Selection | I35: 0 Points - 6 Points
B37: Middle Infield (2B, SS, 3B) | C37: R/L/C Grounders 2B | E37: Hit 6 ground balls to the player at 2B. 2 should be at the player, 2 should make the player move at least 10ft to the right, and 2 should make the player move at least 10ft to the left. The player should not know what direction is coming. The player gets 1 point for fielding the ball cleanly and 2 points if they field it cleanly and hit the target at first base. | F37: SELECT - Right, Center, Left, SELECT - Didn't Field, Fielded but Missed Target, Fielded and Hit Target | G37: Separate Entry for each of the 6 grounders | H37: Multiple Selections | I37: 0 Points - 12 Points
C38: R/L/C Grounders SS | E38: Hit 6 ground balls to the player at SS. 2 should be at the player, 2 should make the player move at least 10ft to the right, and 2 should make the player move at least 10ft to the left. The player should not know what direction is coming. The player gets 1 point for fielding the ball cleanly and 2 points if they field it cleanly and hit the target at first base. | F38: SELECT - Right, Center, Left, SELECT - Didn't Field, Fielded but Missed Target, Fielded and Hit Target | G38: Separate Entry for each of the 6 grounders | H38: Multiple Selections | I38: 0 Points - 12 Points
C39: R/L/C Grounders 3B | E39: Hit 6 ground balls to the player at 3B. 2 should be at the player, 2 should make the player move at least 10ft to the right, and 2 should make the player move at least 10ft to the left. The player should not know what direction is coming. The player gets 1 point for fielding the ball cleanly and 2 points if they field it cleanly and hit the target at first base. | F39: SELECT - Right, Center, Left, SELECT - Didn't Field, Fielded but Missed Target, Fielded and Hit Target | G39: Separate Entry for each of the 6 grounders | H39: Multiple Selections | I39: 0 Points - 12 Points
B40: Middle Infield (2B, SS, 3B) | C40: Infield Fly 2B | E40: Hit 3 fly balls to the player at 2B. These should be within a 20ft radius around the player. The player gets 0 points for a miss and 2 points for a catch. | F40: SELECT - Miss, Catch | G40: Separate Entry for each of the 3 fly balls | H40: Selection | I40: 0 Points - 6 Points
C41: Infield Fly SS | E41: Hit 3 fly balls to the player at SS. These should be within a 20ft radius around the player. The player gets 0 points for a miss and 2 points for a catch. | F41: SELECT - Miss, Catch | G41: Separate Entry for each of the 3 fly balls | H41: Selection | I41: 0 Points - 6 Points
C42: Infield Fly 3B | E42: Hit 3 fly balls to the player at 3B. These should be within a 20ft radius around the player. The player gets 0 points for a miss and 2 points for a catch. | F42: SELECT - Miss, Catch | G42: Separate Entry for each of the 3 fly balls | H42: Selection | I42: 0 Points - 6 Points
B43: Middle Infield (2B, SS, 3B) | C43: Line Drives 2B | E43: Hit 3 Line Drives to the player at 2B. These should make the player move inside a 10ft radius. The player gets 0 points for a miss and 2 points for a catch. | F43: SELECT - Miss, Catch | G43: Separate Entry for each of the 3 Line Drives | H43: Selection | I43: 0 Points - 6 Points
C44: Line Drives SS | E44: Hit 3 Line Drives to the player at SS. These should make the player move inside a 10ft radius. The player gets 0 points for a miss and 2 points for a catch. | F44: SELECT - Miss, Catch | G44: Separate Entry for each of the 3 Line Drives | H44: Selection | I44: 0 Points - 6 Points
C45: Line Drives 3B | E45: Hit 3 Line Drives to the player at 3B. These should make the player move inside a 10ft radius. The player gets 0 points for a miss and 2 points for a catch. | F45: SELECT - Miss, Catch | G45: Separate Entry for each of the 3 Line Drives | H45: Selection | I45: 0 Points - 6 Points
B46: Middle Infield (2B, SS, 3B) | C46: SS to First Time | E46: Hit a ball or use a machine to send a ball to a player at shortstop. The ball should be approximately 50 MPH. Time the player from the moment the balll leaves the bat to the time the ball reaches First Base. | F46: INPUT with Optional Stopwatch | H46: Time - Seconds to the hundreth | I46: .5 seconds - 8 seconds
B50: Outfield | C50: 20 X 20 Matrix | E50: Set up a 20 yard radius around the player. Hit 10 fly balls to the player at varied points around the coverage area from 60 yards. The player gets 2 points for each catch and 0 for each miss. | F50: SELECT - Miss, Catch | G50: Separate Entry for each of the 10 fly balls | H50: Selection | I50: 0 Points - 20 Points
B51: Outfield | C51: 100 ft throw to target | E51: Set up a pitching target at 100ft from the player. Have the player make 5 throws at the target. The player can get a running start as long as they don't move in front of the 120ft marker. The player gets 0 points for a throw that comes up more than 10 ft short of the target, 1 point for a throw that lands between 10ft and the target, 2 points for a throw that lands at or past the target but misses, and 4 points for each throw that hits the target. | F51: SELECT - >10ft Short, Lands short but misses the target, Bounces into the Target, Lands at or Past the Target, Hits the Target | G51: Separate Entry for each of the 5 throws | H51: Selection | I51: 0 Points - 20 Points
B52: Outfield | C52: Ground ball to home time | E52: Have the player set up 180 ft from home plate in either left or right field. Hit a ground ball with 50 mph exit velo at the player. Time the player from the moment the ball is hit or sent and when the ball crosses the area around home plate. | F52: INPUT with Optional Stopwatch | H52: Time - Seconds to the hundreth | I52: 2 seconds - 12 seconds

Sheet BPOP HS COLL PRO Eval
A1: #VALUE! | C1: BPOP High School, College, and Pro Evals
K2: High School Ranges | AE2: College Ranges | AY2: Pro Ranges
A3: Primary Category | B3: Secondary Category | C3: Test Name | D3: Score Definition | E3: Description | F3: Selection Type | G3: Selection Optons | H3: Selection Details | I3: Value Range | K3: Red Range | L3: Yellow Range | M3: Green Range | N3: Bronze Threshold | O3: Silver Threshold | P3: Gold Threshold | Q3: Platinum Threshold | R3: Total Point Cacluation | S3: Sample Data RED | T3: Sample Calc RED | U3: Sample Data GREEN | V3: Sample Calc GREEN | W3: Max Score | X3: Normalized Max | Y3: Normalized Sample Calc RED | Z3: Normalized Sample Calc GREEN | AA3: Silver Calc | AB3: Gold Calc | AC3: Platinum Calc | AE3: Red Range | AF3: Yellow Range | AG3: Green Range | AH3: Bronze Threshold | AI3: Silver Threshold | AJ3: Gold Threshold | AK3: Platinum Threshold | AL3: Total Point Cacluation | AM3: Sample Data RED | AN3: Sample Calc RED | AO3: Sample Data GREEN | AP3: Sample Calc GREEN | AQ3: Max Score | AR3: Normalized Max | AS3: Normalized Sample Calc RED | AT3: Normalized Sample Calc GREEN | AU3: Silver Calc | AV3: Gold Calc | AW3: Platinum Calc | AY3: Red Range | AZ3: Yellow Range | BA3: Green Range | BB3: Bronze Threshold | BC3: Silver Threshold | BD3: Gold Threshold | BE3: Platinum Threshold | BF3: Total Point Cacluation | BG3: Sample Data RED | BH3: Sample Calc RED | BI3: Sample Data GREEN | BJ3: Sample Calc GREEN | BK3: Max Score | BL3: Normalized Max | BM3: Normalized Sample Calc RED | BN3: Normalized Sample Calc GREEN | BO3: Silver Calc | BP3: Gold Calc | BQ3: Platinum Calc
A5: Athletic Skills | B5: Speed | C5: Timed Run 1B | D5: 1BSPEED | E5: Have the player run from home plate straight through 1st base. | F5: INPUT BASE LENGTH, INPUT with Optional Stopwatch | G5: NOTE - Data will be stored as Feet Per Second (base length / Time) | H5: FEET, Time - Seconds to the hundreth | I5: 40 - 90 FT, 2 Seconds - 10 Seconds | K5: 4.5 | L5: BETWEEN | M5: 4.15 | N5: 4.15 | O5: 4.05 | P5: 3.9 | Q5: 3.75 | R5: (1BSPEEDFPS-7FPS)*3 | S5: =K6 -> 20 | T5: =(S5-7)*3 -> 39 | U5: =M6 -> 21.686747 | V5: =(U5-7)*3 -> 44.060241 | W5: 60 | AA5: =(O6-7)*3 -> 45.666667 | AB5: =(P6-7)*3 -> 48.230769 | AC5: =(Q6-7)*3 -> 51 | AE5: 4.26 | AF5: BETWEEN | AG5: 3.95 | AH5: 3.95 | AI5: 3.85 | AJ5: 3.75 | AK5: 3.55 | AL5: (1BSPEEDFPS-7FPS)*3 | AM5: =AE6 -> 21.126761 | AN5: =(AM5-7)*3 -> 42.380282 | AO5: =AG6 -> 22.78481 | AP5: =(AO5-7)*3 -> 47.35443 | AQ5: 60 | AU5: =(AI6-7)*3 -> 49.12987 | AV5: =(AJ6-7)*3 -> 51 | AW5: =(AK6-7)*3 -> 55.056338 | AY5: 3.76 | AZ5: BETWEEN | BA5: 3.55 | BB5: 3.55 | BC5: 3.5 | BD5: 3.4 | BE5: 3.15 | BF5: (1BSPEEDFPS-7FPS)*3 | BG5: =AY6 -> 23.93617 | BH5: =(BG5-7)*3 -> 50.808511 | BI5: =BA6 -> 25.352113 | BJ5: =(BI5-7)*3 -> 55.056338 | BK5: 70 | BO5: =(BC6-7)*3 -> 56.142857 | BP5: =(BD6-7)*3 -> 58.411765 | BQ5: =(BE6-7)*3 -> 64.714286
J6: FT/SEC | K6: =$K$9/K5 -> 20 | L6: BETWEEN | M6: =$K$9/M5 -> 21.686747 | N6: =$K$9/N5 -> 21.686747 | O6: =$K$9/O5 -> 22.222222 | P6: =$K$9/P5 -> 23.076923 | Q6: =$K$9/Q5 -> 24 | AD6: FT/SEC | AE6: =$AE$9/AE5 -> 21.126761 | AF6: BETWEEN | AG6: =$AE$9/AG5 -> 22.78481 | AH6: =$AE$9/AH5 -> 22.78481 | AI6: =$AE$9/AI5 -> 23.376623 | AJ6: =$AE$9/AJ5 -> 24 | AK6: =$AE$9/AK5 -> 25.352113 | AX6: FT/SEC | AY6: =$AY$9/AY5 -> 23.93617 | AZ6: BETWEEN | BA6: =$AY$9/BA5 -> 25.352113 | BB6: =$AY$9/BB5 -> 25.352113 | BC6: =$AY$9/BC5 -> 25.714286 | BD6: =$AY$9/BD5 -> 26.470588 | BE6: =$AY$9/BE5 -> 28.571429
C7: Timed Run 4B | D7: 4BSPEED | E7: Have the player run from home plate around all four bases. | F7: INPUT BASE LENGTH, INPUT with Optional Stopwatch | G7: NOTE - Data will be stored as Feet Per Second (base length / Time) | H7: FEET, Time - Seconds to the hundreth | I7: 40 - 90 FT, 2 Seconds - 30 Seconds | K7: 18 | L7: BETWEEN | M7: 16.5 | N7: 16.5 | O7: 15.75 | P7: 15 | Q7: 14.25 | R7: (4BSPEEDFPS-7FPS)*3 | S7: =K8 -> 20 | T7: =(S7-7)*3 -> 39 | U7: =M8 -> 21.818182 | V7: =(U7-7)*3 -> 44.454545 | W7: 65 | AA7: =(O8-7)*3 -> 47.571429 | AB7: =(P8-7)*3 -> 51 | AC7: =(Q8-7)*3 -> 54.789474 | AE7: 17 | AF7: BETWEEN | AG7: 15 | AH7: 15 | AI7: 14.5 | AJ7: 13.75 | AK7: 13 | AL7: (4BSPEEDFPS-7FPS)*3 | AM7: =AE8 -> 21.176471 | AN7: =(AM7-7)*3 -> 42.529412 | AO7: =AG8 -> 24 | AP7: =(AO7-7)*3 -> 51 | AQ7: 65 | AU7: =(AI8-7)*3 -> 53.482759 | AV7: =(AJ8-7)*3 -> 57.545455 | AW7: =(AK8-7)*3 -> 62.076923 | AY7: 16 | AZ7: BETWEEN | BA7: 14.5 | BB7: 14.5 | BC7: 14 | BD7: 13 | BE7: 12 | BF7: (4BSPEEDFPS-7FPS)*3 | BG7: =AY8 -> 22.5 | BH7: =(BG7-7)*3 -> 46.5 | BI7: =BA8 -> 24.827586 | BJ7: =(BI7-7)*3 -> 53.482759 | BK7: 75 | BO7: =(BC8-7)*3 -> 56.142857 | BP7: =(BD8-7)*3 -> 62.076923 | BQ7: =(BE8-7)*3 -> 69
J8: FT/SEC | K8: =($K$9*4)/K7 -> 20 | L8: BETWEEN | M8: =($K$9*4)/M7 -> 21.818182 | N8: =($K$9*4)/N7 -> 21.818182 | O8: =($K$9*4)/O7 -> 22.857143 | P8: =($K$9*4)/P7 -> 24 | Q8: =($K$9*4)/Q7 -> 25.263158 | AD8: FT/SEC | AE8: =($AE$9*4)/AE7 -> 21.176471 | AF8: BETWEEN | AG8: =($AE$9*4)/AG7 -> 24 | AH8: =($AE$9*4)/AH7 -> 24 | AI8: =($AE$9*4)/AI7 -> 24.827586 | AJ8: =($AE$9*4)/AJ7 -> 26.181818 | AK8: =($AE$9*4)/AK7 -> 27.692308 | AX8: FT/SEC | AY8: =($AY$9*4)/AY7 -> 22.5 | AZ8: BETWEEN | BA8: =($AY$9*4)/BA7 -> 24.827586 | BB8: =($AY$9*4)/BB7 -> 24.827586 | BC8: =($AY$9*4)/BC7 -> 25.714286 | BD8: =($AY$9*4)/BD7 -> 27.692308 | BE8: =($AY$9*4)/BE7 -> 30
J9: Base Length | K9: 90 | AD9: Base Length | AE9: 90 | AX9: Base Length | AY9: 90
B10: Speed Medal Requirements | D10: SPEEDSCORE | N10: Must Meet all Thresholds in the category | T10: =SUM(T7,T5) -> 78 | V10: =SUM(V7,V5) -> 88.514786 | W10: =SUM(W7,W5) -> 125 | AA10: =SUM(AA7,AA5) -> 93.238095 | AB10: =SUM(AB7,AB5) -> 99.230769 | AC10: =SUM(AC7,AC5) -> 105.78947 | AH10: Must Meet all Thresholds in the category | AN10: =SUM(AN7,AN5) -> 84.909693 | AP10: =SUM(AP7,AP5) -> 98.35443 | AQ10: =SUM(AQ7,AQ5) -> 125 | AU10: =SUM(AU7,AU5) -> 102.61263 | AV10: =SUM(AV7,AV5) -> 108.54545 | AW10: =SUM(AW7,AW5) -> 117.13326 | BB10: Must Meet all Thresholds in the category | BH10: =SUM(BH7,BH5) -> 97.308511 | BJ10: =SUM(BJ7,BJ5) -> 108.5391 | BK10: =SUM(BK7,BK5) -> 145 | BO10: =SUM(BO7,BO5) -> 112.28571 | BP10: =SUM(BP7,BP5) -> 120.48869 | BQ10: =SUM(BQ7,BQ5) -> 133.71429
B11: Strength | C11: Push Ups | D11: APUSH60 | E11: Record the number of push ups the player can do in 60 seconds | F11: INPUT with 60 second countdown Timer | H11: Number | I11: 0 - 60 | K11: 24 | L11: BETWEEN | M11: 35 | N11: 35 | O11: 38 | P11: 41 | Q11: 44 | R11: APUSH60/2 | S11: =K11 -> 24 | T11: =S11/2 -> 12 | U11: =M11 -> 35 | V11: =U11/2 -> 17.5 | W11: 25 | AA11: =O11/2 -> 19 | AB11: =P11/2 -> 20.5 | AC11: =Q11/2 -> 22 | AE11: 26 | AF11: BETWEEN | AG11: 38 | AH11: 38 | AI11: 40 | AJ11: 44 | AK11: 48 | AL11: APUSH60/2 | AM11: =AE11 -> 26 | AN11: =AM11/2 -> 13 | AO11: =AG11 -> 38 | AP11: =AO11/2 -> 19 | AQ11: 25 | AU11: =AI11/2 -> 20 | AV11: =AJ11/2 -> 22 | AW11: =AK11/2 -> 24 | AY11: 28 | AZ11: BETWEEN | BA11: 40 | BB11: 40 | BC11: 44 | BD11: 47 | BE11: 50 | BF11: APUSH60/2 | BG11: =AY11 -> 28 | BH11: =BG11/2 -> 14 | BI11: =BA11 -> 40 | BJ11: =BI11/2 -> 20 | BK11: 25 | BO11: =BC11/2 -> 22 | BP11: =BD11/2 -> 23.5 | BQ11: =BE11/2 -> 25
C12: Sit Ups | D12: ASIT60 | E12: Record the number of sit-ups the player can do in 60 seconds | F12: INPUT with 60 second countdown Timer | H12: Number | I12: 0 - 60 | K12: 30 | L12: BETWEEN | M12: 40 | N12: 40 | O12: 43 | P12: 46 | Q12: 50 | R12: ASIT60/3 | S12: =K12 -> 30 | T12: =S12/3 -> 10 | U12: =M12 -> 40 | V12: =U12/3 -> 13.333333 | W12: 25 | AA12: =O12/3 -> 14.333333 | AB12: =P12/3 -> 15.333333 | AC12: =Q12/3 -> 16.666667 | AE12: 33 | AF12: BETWEEN | AG12: 42 | AH12: 42 | AI12: 45 | AJ12: 48 | AK12: 52 | AL12: ASIT60/3 | AM12: =AE12 -> 33 | AN12: =AM12/3 -> 11 | AO12: =AG12 -> 42 | AP12: =AO12/3 -> 14 | AQ12: 25 | AU12: =AI12/3 -> 15 | AV12: =AJ12/3 -> 16 | AW12: =AK12/3 -> 17.333333 | AY12: 35 | AZ12: BETWEEN | BA12: 45 | BB12: 45 | BC12: 48 | BD12: 51 | BE12: 55 | BF12: ASIT60/3 | BG12: =AY12 -> 35 | BH12: =BG12/3 -> 11.666667 | BI12: =BA12 -> 45 | BJ12: =BI12/3 -> 15 | BK12: 25 | BO12: =BC12/3 -> 16 | BP12: =BD12/3 -> 17 | BQ12: =BE12/3 -> 18.333333
C13: Pull Ups | D13: APULL60 | E13: Record the number of pull-ups the player can do in 60 seconds | F13: INPUT with 60 second countdown Timer | H13: Number | I13: 0 - 60 | K13: 6 | L13: BETWEEN | M13: 12 | N13: 12 | O13: 15 | P13: 18 | Q13: 20 | R13: APUSH60 | S13: =K13 -> 6 | T13: =S13 -> 6 | U13: =M13 -> 12 | V13: =U13 -> 12 | W13: 25 | AA13: =O13 -> 15 | AB13: =P13 -> 18 | AC13: =Q13 -> 20 | AE13: 8 | AF13: BETWEEN | AG13: 14 | AH13: 14 | AI13: 17 | AJ13: 20 | AK13: 22 | AL13: APUSH60 | AM13: =AE13 -> 8 | AN13: =AM13 -> 8 | AO13: =AG13 -> 14 | AP13: =AO13 -> 14 | AQ13: 25 | AU13: =AI13 -> 17 | AV13: =AJ13 -> 20 | AW13: =AK13 -> 22 | AY13: 10 | AZ13: BETWEEN | BA13: 16 | BB13: 16 | BC13: 18 | BD13: 21 | BE13: 25 | BF13: APUSH60 | BG13: =AY13 -> 10 | BH13: =BG13 -> 10 | BI13: =BA13 -> 16 | BJ13: =BI13 -> 16 | BK13: 25 | BO13: =BC13 -> 18 | BP13: =BD13 -> 21 | BQ13: =BE13 -> 25
B14: Strength Medal Requirments | D14: STRENGTHSCORE | N14: Must Meet all Thresholds in the category | T14: =SUM(T11:T13) -> 28 | V14: =SUM(V11:V13) -> 42.833333 | W14: =SUM(W11:W13) -> 75 | AA14: =SUM(AA11:AA13) -> 48.333333 | AB14: =SUM(AB11:AB13) -> 53.833333 | AC14: =SUM(AC11:AC13) -> 58.666667 | AH14: Must Meet all Thresholds in the category | AN14: =SUM(AN11:AN13) -> 32 | AP14: =SUM(AP11:AP13) -> 47 | AQ14: =SUM(AQ11:AQ13) -> 75 | AU14: =SUM(AU11:AU13) -> 52 | AV14: =SUM(AV11:AV13) -> 58 | AW14: =SUM(AW11:AW13) -> 63.333333 | BB14: Must Meet all Thresholds in the category | BH14: =SUM(BH11:BH13) -> 35.666667 | BJ14: =SUM(BJ11:BJ13) -> 51 | BK14: =SUM(BK11:BK13) -> 75 | BO14: =SUM(BO11:BO13) -> 56 | BP14: =SUM(BP11:BP13) -> 61.5 | BQ14: =SUM(BQ11:BQ13) -> 68.333333
B15: Power | C15: Vertical Jump | D15: ASPJUMP | E15: Measure the player's max vertical jump. The player can squat slightly to start, but cannot take a running start.The player gets 3 attempts | F15: INPUT | G15: Separate Entry for each of the 3 attempts | H15: Inches to the .25 of an inch | I15: 4 inches - 50 inches | K15: 13 | L15: BETWEEN | M15: 18 | N15: 18 | O15: 19 | P15: 20 | Q15: 22 | R15: =$D15 -> ASPJUMP | S15: =K15 -> 13 | T15: =S15 -> 13 | U15: =M15 -> 18 | V15: =U15 -> 18 | W15: 30 | AA15: =O15 -> 19 | AB15: =P15 -> 20 | AC15: =Q15 -> 22 | AE15: 14 | AF15: BETWEEN | AG15: 20 | AH15: 20 | AI15: 22 | AJ15: 24 | AK15: 26 | AL15: =$D15 -> ASPJUMP | AM15: =AE15 -> 14 | AN15: =AM15 -> 14 | AO15: =AG15 -> 20 | AP15: =AO15 -> 20 | AQ15: 30 | AU15: =AI15 -> 22 | AV15: =AJ15 -> 24 | AW15: =AK15 -> 26 | AY15: 18 | AZ15: BETWEEN | BA15: 24 | BB15: 24 | BC15: 26 | BD15: 28 | BE15: 30 | BF15: =$D15 -> ASPJUMP | BG15: =AY15 -> 18 | BH15: =BG15 -> 18 | BI15: =BA15 -> 24 | BJ15: =BI15 -> 24 | BK15: 35 | BO15: =BC15 -> 26 | BP15: =BD15 -> 28 | BQ15: =BE15 -> 30
B16: Power | C16: Seated Chest Pass | D16: ASPSCP | E16: Have the player sit on the edge of a chair or bench and hold a medicine ball with both hands against their chest. Have the player throw the medicine ball forward as far as possible. The player gets 3 attempts | F16: INPUT | G16: Separate Entry for each of the 3 attempts | H16: Feet and Inches | I16: 2ft - 40 ft | K16: 10 | L16: BETWEEN | M16: 14 | N16: 14 | O16: 15 | P16: 17 | Q16: 19 | R16: =$D16 -> ASPSCP | S16: =K16 -> 10 | T16: =S16 -> 10 | U16: =M16 -> 14 | V16: =U16 -> 14 | W16: 30 | AA16: =O16 -> 15 | AB16: =P16 -> 17 | AC16: =Q16 -> 19 | AE16: 12 | AF16: BETWEEN | AG16: 18 | AH16: 18 | AI16: 19 | AJ16: 20 | AK16: 22 | AL16: =$D16 -> ASPSCP | AM16: =AE16 -> 12 | AN16: =AM16 -> 12 | AO16: =AG16 -> 18 | AP16: =AO16 -> 18 | AQ16: 30 | AU16: =AI16 -> 19 | AV16: =AJ16 -> 20 | AW16: =AK16 -> 22 | AY16: 16 | AZ16: BETWEEN | BA16: 22 | BB16: 22 | BC16: 24 | BD16: 26 | BE16: 28 | BF16: =$D16 -> ASPSCP | BG16: =AY16 -> 16 | BH16: =BG16 -> 16 | BI16: =BA16 -> 22 | BJ16: =BI16 -> 22 | BK16: 35 | BO16: =BC16 -> 24 | BP16: =BD16 -> 26 | BQ16: =BE16 -> 28
C17: Sit up and throw | D17: ASPSUP | E17: Have the player start in a hook-line position with a medicine ball above their head. Have the player site up and throw the medicine ball as far as possible.The player gets 3 attempts | F17: INPUT | G17: Separate Entry for each of the 3 attempts | H17: Feet and Inches | I17: 2ft - 40 ft | K17: 10 | L17: BETWEEN | M17: 14 | N17: 14 | O17: 15 | P17: 17 | Q17: 19 | R17: =$D17 -> ASPSUP | S17: =K17 -> 10 | T17: =S17 -> 10 | U17: =M17 -> 14 | V17: =U17 -> 14 | W17: 30 | AA17: =O17 -> 15 | AB17: =P17 -> 17 | AC17: =Q17 -> 19 | AE17: 12 | AF17: BETWEEN | AG17: 18 | AH17: 18 | AI17: 19 | AJ17: 20 | AK17: 22 | AL17: =$D17 -> ASPSUP | AM17: =AE17 -> 12 | AN17: =AM17 -> 12 | AO17: =AG17 -> 18 | AP17: =AO17 -> 18 | AQ17: 30 | AU17: =AI17 -> 19 | AV17: =AJ17 -> 20 | AW17: =AK17 -> 22 | AY17: 16 | AZ17: BETWEEN | BA17: 22 | BB17: 22 | BC17: 24 | BD17: 26 | BE17: 28 | BF17: =$D17 -> ASPSUP | BG17: =AY17 -> 16 | BH17: =BG17 -> 16 | BI17: =BA17 -> 22 | BJ17: =BI17 -> 22 | BK17: 35 | BO17: =BC17 -> 24 | BP17: =BD17 -> 26 | BQ17: =BE17 -> 28
B18: Power Medal Requirements | D18: POWERSCORE | N18: Must Meet all Thresholds in the category | T18: =SUM(T15:T17) -> 33 | V18: =SUM(V15:V17) -> 46 | W18: =SUM(W15:W17) -> 90 | AA18: =SUM(AA15:AA17) -> 49 | AB18: =SUM(AB15:AB17) -> 54 | AC18: =SUM(AC15:AC17) -> 60 | AH18: Must Meet all Thresholds in the category | AN18: =SUM(AN15:AN17) -> 38 | AP18: =SUM(AP15:AP17) -> 56 | AQ18: =SUM(AQ15:AQ17) -> 90 | AU18: =SUM(AU15:AU17) -> 60 | AV18: =SUM(AV15:AV17) -> 64 | AW18: =SUM(AW15:AW17) -> 70 | BB18: Must Meet all Thresholds in the category | BH18: =SUM(BH15:BH17) -> 50 | BJ18: =SUM(BJ15:BJ17) -> 68 | BK18: =SUM(BK15:BK17) -> 105 | BO18: =SUM(BO15:BO17) -> 74 | BP18: =SUM(BP15:BP17) -> 80 | BQ18: =SUM(BQ15:BQ17) -> 86
B19: Balance | C19: SLS Eyes Open | D19: BSLEO | E19: Have the player get into a single leg stance with their thigh parallel to the ground and the arms by their side. Once stable, have them hold this position for as long as possible up to 30 seconds. | F19: INPUT with Stopwatch that automatically stops at 30 seconds. The user can click a stop button to record the time. | G19: Separate Entry for Right and Left Side | H19: Time - Seconds to the hundreth | I19: 0 Seconds - 30 Seconds | K19: 15 | L19: BETWEEN | M19: 24 | N19: 24 | O19: 25 | P19: 27 | Q19: 30 | R19: BSLEO/3 | S19: =K19 -> 15 | T19: =S19/3 -> 5 | U19: =M19 -> 24 | V19: =U19/3 -> 8 | W19: =30/3 -> 10 | AA19: =O19/3 -> 8.3333333 | AB19: =P19/3 -> 9 | AC19: =Q19/3 -> 10 | AE19: 15 | AF19: BETWEEN | AG19: 24 | AH19: 24 | AI19: 25 | AJ19: 27 | AK19: 30 | AL19: BSLEO/3 | AM19: =AE19 -> 15 | AN19: =AM19/3 -> 5 | AO19: =AG19 -> 24 | AP19: =AO19/3 -> 8 | AQ19: =30/3 -> 10 | AU19: =AI19/3 -> 8.3333333 | AV19: =AJ19/3 -> 9 | AW19: =AK19/3 -> 10 | AY19: 15 | AZ19: BETWEEN | BA19: 24 | BB19: 24 | BC19: 25 | BD19: 27 | BE19: 30 | BF19: BSLEO/3 | BG19: =AY19 -> 15 | BH19: =BG19/3 -> 5 | BI19: =BA19 -> 24 | BJ19: =BI19/3 -> 8 | BK19: =30/3 -> 10 | BO19: =BC19/3 -> 8.3333333 | BP19: =BD19/3 -> 9 | BQ19: =BE19/3 -> 10
C20: SLS Eyes Closed | D20: BSLEC | E20: Have the player get into a single leg stance with their thigh parallel to the ground and the arms by their side. Once stable, have the player close their eyes and hold this position for as long as possible up to 30 seconds. | F20: INPUT with Stopwatch that automatically stops at 30 seconds. The user can click a stop button to record the time. | G20: Separate Entry for Right and Left Side | H20: Time - Seconds to the hundreth | I20: 0 Seconds - 30 Seconds | K20: 15 | L20: BETWEEN | M20: 21.5 | N20: 21.5 | O20: 23 | P20: 25 | Q20: 27 | R20: BSLEC/2 | S20: =K20 -> 15 | T20: =S20/2 -> 7.5 | U20: =M20 -> 21.5 | V20: =U20/2 -> 10.75 | W20: =30/2 -> 15 | AA20: =O20/2 -> 11.5 | AB20: =P20/2 -> 12.5 | AC20: =Q20/2 -> 13.5 | AE20: 15 | AF20: BETWEEN | AG20: 21.5 | AH20: 21.5 | AI20: 23 | AJ20: 25 | AK20: 27 | AL20: BSLEC/2 | AM20: =AE20 -> 15 | AN20: =AM20/2 -> 7.5 | AO20: =AG20 -> 21.5 | AP20: =AO20/2 -> 10.75 | AQ20: =30/2 -> 15 | AU20: =AI20/2 -> 11.5 | AV20: =AJ20/2 -> 12.5 | AW20: =AK20/2 -> 13.5 | AY20: 15 | AZ20: BETWEEN | BA20: 21.5 | BB20: 21.5 | BC20: 23 | BD20: 25 | BE20: 27 | BF20: BSLEC/2 | BG20: =AY20 -> 15 | BH20: =BG20/2 -> 7.5 | BI20: =BA20 -> 21.5 | BJ20: =BI20/2 -> 10.75 | BK20: =30/2 -> 15 | BO20: =BC20/2 -> 11.5 | BP20: =BD20/2 -> 12.5 | BQ20: =BE20/2 -> 13.5
B21: Balance Medal Requirements | D21: BALANCESCORE | N21: Must Meet all Thresholds in the category | T21: =SUM(T19:T20) -> 12.5 | V21: =SUM(V19:V20) -> 18.75 | W21: =SUM(W19:W20) -> 25 | AA21: =SUM(AA19:AA20) -> 19.833333 | AB21: =SUM(AB19:AB20) -> 21.5 | AC21: =SUM(AC19:AC20) -> 23.5 | AH21: Must Meet all Thresholds in the category | AN21: =SUM(AN19:AN20) -> 12.5 | AP21: =SUM(AP19:AP20) -> 18.75 | AQ21: =SUM(AQ19:AQ20) -> 25 | AU21: =SUM(AU19:AU20) -> 19.833333 | AV21: =SUM(AV19:AV20) -> 21.5 | AW21: =SUM(AW19:AW20) -> 23.5 | BB21: Must Meet all Thresholds in the category | BH21: =SUM(BH19:BH20) -> 12.5 | BJ21: =SUM(BJ19:BJ20) -> 18.75 | BK21: =SUM(BK19:BK20) -> 25 | BO21: =SUM(BO19:BO20) -> 19.833333 | BP21: =SUM(BP19:BP20) -> 21.5 | BQ21: =SUM(BQ19:BQ20) -> 23.5
B22: Mobility | C22: MSR | D22: MSR | E22: Have the player stand straight, feet together, with a bat across the shoulders. Then have them rotate their body around to look behind. The player should be able to rotate their torso more than 180 degrees. | F22: SELECT - Less than 180 Degrees, Equal to 180 Degrees, Greater than 180 Degress | G22: Separate Selection for Right and Left Side | H22: Select only 1 option | I22: No Range - Specific Options | K22: Less than 180 Degrees Both Sides | L22: This could be any combinantion between the low and high options | M22: Greater than 180 Degrees Both Sides | N22: N/A | O22: N/A | P22: N/A | Q22: Greater than 180 Degrees Both Sides | R22: Greater Than 180 Degrees=3, Equal to 180 Degrees=1, Less than 180 Degrees=0 Add total for right and left side | S22: =K22 -> Less than 180 Degrees Both Sides | T22: 0 | U22: =L22 -> This could be any combinantion between the low and high options | V22: 4 | W22: 6 | AA22: 6 | AB22: 6 | AC22: 6 | AE22: Less than 180 Degrees Both Sides | AF22: This could be any combinantion between the low and high options | AG22: Greater than 180 Degrees Both Sides | AH22: N/A | AI22: N/A | AJ22: N/A | AK22: Greater than 180 Degrees Both Sides | AL22: Greater Than 180 Degrees=3, Equal to 180 Degrees=1, Less than 180 Degrees=0 Add total for right and left side | AM22: =AE22 -> Less than 180 Degrees Both Sides | AN22: 0 | AO22: =AF22 -> This could be any combinantion between the low and high options | AP22: 4 | AQ22: 6 | AU22: 6 | AV22: 6 | AW22: 6 | AY22: Less than 180 Degrees Both Sides | AZ22: This could be any combinantion between the low and high options | BA22: Greater than 180 Degrees Both Sides | BB22: N/A | BC22: N/A | BD22: N/A | BE22: Greater than 180 Degrees Both Sides | BF22: Greater Than 180 Degrees=3, Equal to 180 Degrees=1, Less than 180 Degrees=0 Add total for right and left side | BG22: =AY22 -> Less than 180 Degrees Both Sides | BH22: 0 | BI22: =AZ22 -> This could be any combinantion between the low and high options | BJ22: 4 | BK22: 6 | BO22: 6 | BP22: 6 | BQ22: 6
C23: Toe Touch | D23: MTT | E23: Have the player stand tall with hte feet together. Have them try to touch their toes without bending the knees. If they can touch their toes, have them try to touch the ground in front of their toes. | F23: SELECT - Cannot Touch Toes, Touches Toes, Touches Ground | H23: Select only 1 option | I23: No Range - Specific Options | K23: Cannot Touch Toes | L23: Touches Toes | M23: Touches Ground | N23: N/A | O23: Touches Toes | P23: N/A | Q23: Touches Ground | R23: Cannot Touch toes=0, Touches Toes=3, Touches Ground=6 | S23: =K23 -> Cannot Touch Toes | T23: 0 | U23: =L23 -> Touches Toes | V23: 3 | W23: 6 | AA23: 6 | AB23: 6 | AC23: 6 | AE23: Cannot Touch Toes | AF23: Touches Toes | AG23: Touches Ground | AH23: N/A | AI23: Touches Toes | AJ23: N/A | AK23: Touches Ground | AL23: Cannot Touch toes=0, Touches Toes=3, Touches Ground=6 | AM23: =AE23 -> Cannot Touch Toes | AN23: 0 | AO23: =AF23 -> Touches Toes | AP23: 3 | AQ23: 6 | AU23: 6 | AV23: 6 | AW23: 6 | AY23: Cannot Touch Toes | AZ23: Touches Toes | BA23: Touches Ground | BB23: N/A | BC23: Touches Toes | BD23: N/A | BE23: Touches Ground | BF23: Cannot Touch toes=0, Touches Toes=3, Touches Ground=6 | BG23: =AY23 -> Cannot Touch Toes | BH23: 0 | BI23: =AZ23 -> Touches Toes | BJ23: 3 | BK23: 6 | BO23: 6 | BP23: 6 | BQ23: 6
C24: Deep Squat | D24: MDS | E24: Have the player stand with their feet shoulder width apart with the arms striaght above their head. Have them do a deep squat trying to get their pelvis below the knees without the arms moving forward or the ankles flaring. | F24: SELECT - Full Overhead Deep Squat, Arms Move Forward, Pelvis not below the knees, Ankles Flare | G24: Full Overhead Deep Squat, Arms move forward of head, Pelvis not below the hips, Ankles Flare | H24: Select 1 or Multiple Options - If "Full Overhead Deep Squat" is selected, then the other options become unavailable. If not, then the user could select one or more of the remaining options. | I24: No Range - Specific Options | K24: 2 or more of Arms move forward of head, Pelvis not below the hips, Ankles Flare | L24: 1 or less of Arms move forward of head, Pelvis not below the hips, Ankles Flare | M24: Full Overhead Deep Squat | N24: N/A | O24: N/A | P24: N/A | Q24: Full Overhead Deep Squat | R24: Full Overhead Deep Squat=9, For each selection other than Full Overhead Deep Squat, minus 3 points. 1 Selection= 6, 2 Selections=3, 3 Selections=0 | S24: =K24 -> 2 or more of Arms move forward of head, Pelvis not below the hips, Ankles Flare | T24: 3 | U24: =L24 -> 1 or less of Arms move forward of head, Pelvis not below the hips, Ankles Flare | V24: 3 | W24: 9 | AA24: 9 | AB24: 9 | AC24: 9 | AE24: 2 or more of Arms move forward of head, Pelvis not below the hips, Ankles Flare | AF24: 1 or less of Arms move forward of head, Pelvis not below the hips, Ankles Flare | AG24: Full Overhead Deep Squat | AH24: N/A | AI24: N/A | AJ24: N/A | AK24: Full Overhead Deep Squat | AL24: Full Overhead Deep Squat=9, For each selection other than Full Overhead Deep Squat, minus 3 points. 1 Selection= 6, 2 Selections=3, 3 Selections=0 | AM24: =AE24 -> 2 or more of Arms move forward of head, Pelvis not below the hips, Ankles Flare | AN24: 3 | AO24: =AF24 -> 1 or less of Arms move forward of head, Pelvis not below the hips, Ankles Flare | AP24: 3 | AQ24: 9 | AU24: 9 | AV24: 9 | AW24: 9 | AY24: 2 or more of Arms move forward of head, Pelvis not below the hips, Ankles Flare | AZ24: 1 or less of Arms move forward of head, Pelvis not below the hips, Ankles Flare | BA24: Full Overhead Deep Squat | BB24: N/A | BC24: N/A | BD24: N/A | BE24: Full Overhead Deep Squat | BF24: Full Overhead Deep Squat=9, For each selection other than Full Overhead Deep Squat, minus 3 points. 1 Selection= 6, 2 Selections=3, 3 Selections=0 | BG24: =AY24 -> 2 or more of Arms move forward of head, Pelvis not below the hips, Ankles Flare | BH24: 3 | BI24: =AZ24 -> 1 or less of Arms move forward of head, Pelvis not below the hips, Ankles Flare | BJ24: 3 | BK24: 9 | BO24: 9 | BP24: 9 | BQ24: 9
B25: Mobility Medal Requirements | D25: MOBILITYSCORE | N25: If One Test meets Platium threshold | O25: If One Test meets Platium threshold and Toe Touch meets Silver threshold | P25: If two tests meet platium threshold | Q25: If all three tests meet platinum threshold | T25: =SUM(T22:T24) -> 3 | V25: =SUM(V22:V24) -> 10 | W25: =SUM(W22:W24) -> 21 | AA25: =SUM(AA22:AA24) -> 21 | AB25: =SUM(AB22:AB24) -> 21 | AC25: =SUM(AC22:AC24) -> 21 | AH25: If One Test meets Platium threshold | AI25: If One Test meets Platium threshold and Toe Touch meets Silver threshold | AJ25: If two tests meet platium threshold | AK25: If all three tests meet platinum threshold | AN25: =SUM(AN22:AN24) -> 3 | AP25: =SUM(AP22:AP24) -> 10 | AQ25: =SUM(AQ22:AQ24) -> 21 | AU25: =SUM(AU22:AU24) -> 21 | AV25: =SUM(AV22:AV24) -> 21 | AW25: =SUM(AW22:AW24) -> 21 | BB25: If One Test meets Platium threshold | BC25: If One Test meets Platium threshold and Toe Touch meets Silver threshold | BD25: If two tests meet platium threshold | BE25: If all three tests meet platinum threshold | BH25: =SUM(BH22:BH24) -> 3 | BJ25: =SUM(BJ22:BJ24) -> 10 | BK25: =SUM(BK22:BK24) -> 21 | BO25: =SUM(BO22:BO24) -> 21 | BP25: =SUM(BP22:BP24) -> 21 | BQ25: =SUM(BQ22:BQ24) -> 21
B26: Athletic Skills Category Totals | D26: ATHLETESCORE | T26: =SUM(T25,T21,T18,T14,T10) -> 154.5 | V26: =SUM(V25,V21,V18,V14,V10) -> 206.09812 | W26: =SUM(W25,W21,W18,W14,W10) -> 336 | X26: 50 | Y26: =(T26/W26)*X26 -> 22.991071 | Z26: =(V26/W26)*X26 -> 30.669363 | AA26: =SUM(AA25,AA21,AA18,AA14,AA10) -> 231.40476 | AB26: =SUM(AB25,AB21,AB18,AB14,AB10) -> 249.5641 | AC26: =SUM(AC25,AC21,AC18,AC14,AC10) -> 268.95614 | AN26: =SUM(AN25,AN21,AN18,AN14,AN10) -> 170.40969 | AP26: =SUM(AP25,AP21,AP18,AP14,AP10) -> 230.10443 | AQ26: =SUM(AQ25,AQ21,AQ18,AQ14,AQ10) -> 336 | AR26: 50 | AS26: =(AN26/AQ26)*AR26 -> 25.358585 | AT26: =(AP26/AQ26)*AR26 -> 34.241731 | AU26: =SUM(AU25,AU21,AU18,AU14,AU10) -> 255.44596 | AV26: =SUM(AV25,AV21,AV18,AV14,AV10) -> 273.04545 | AW26: =SUM(AW25,AW21,AW18,AW14,AW10) -> 294.96659 | BH26: =SUM(BH25,BH21,BH18,BH14,BH10) -> 198.47518 | BJ26: =SUM(BJ25,BJ21,BJ18,BJ14,BJ10) -> 256.2891 | BK26: =SUM(BK25,BK21,BK18,BK14,BK10) -> 371 | BL26: 50 | BM26: =(BH26/BK26)*BL26 -> 26.748676 | BN26: =(BJ26/BK26)*BL26 -> 34.54031 | BO26: =SUM(BO25,BO21,BO18,BO14,BO10) -> 283.11905 | BP26: =SUM(BP25,BP21,BP18,BP14,BP10) -> 304.48869 | BQ26: =SUM(BQ25,BQ21,BQ18,BQ14,BQ10) -> 332.54762
A27: Hitting | B27: Contact | C27: Tee Line Drive Test | D27: HC10LD | E27: Have the player attempt to hit line drives off a tee. Count how many the player can hit in a row with a maximum of 10. | F27: INPUT | H27: Number | I27: 0 - 10 | K27: 5 | L27: BETWEEN | M27: 7 | N27: 7 | O27: 8 | P27: 9 | Q27: 10 | R27: =$D27 -> HC10LD | S27: =K27 -> 5 | T27: =S27 -> 5 | U27: =M27 -> 7 | V27: =U27 -> 7 | W27: 10 | AA27: =O27 -> 8 | AB27: =P27 -> 9 | AC27: =Q27 -> 10 | AE27: 5 | AF27: BETWEEN | AG27: 7 | AH27: 7 | AI27: 8 | AJ27: 9 | AK27: 10 | AL27: =$D27 -> HC10LD | AM27: =AE27 -> 5 | AN27: =AM27 -> 5 | AO27: =AG27 -> 7 | AP27: =AO27 -> 7 | AQ27: 10 | AU27: =AI27 -> 8 | AV27: =AJ27 -> 9 | AW27: =AK27 -> 10 | AY27: 5 | AZ27: BETWEEN | BA27: 7 | BB27: 7 | BC27: 8 | BD27: 9 | BE27: 10 | BF27: =$D27 -> HC10LD | BG27: =AY27 -> 5 | BH27: =BG27 -> 5 | BI27: =BA27 -> 7 | BJ27: =BI27 -> 7 | BK27: 10 | BO27: =BC27 -> 8 | BP27: =BD27 -> 9 | BQ27: =BE27 -> 10
B28: Power | C28: Max Exit Velo Tee | D28: HPTEV | E28: The player gets 3 attempts to max out their exit velo off a tee. | F28: INPUT - Exit Velo | G28: Separate Input for each of the 3 attempts | H28: MPH | I28: 0 MPH - 140 MPH | K28: 50 | L28: BETWEEN | M28: 65 | N28: 65 | O28: 70 | P28: 75 | Q28: 80 | R28: HPTEV/5 | S28: =K28 -> 50 | T28: =S28/5 -> 10 | U28: =M28 -> 65 | V28: =U28/5 -> 13 | W28: 24 | AA28: =O28/5 -> 14 | AB28: =P28/5 -> 15 | AC28: =Q28/5 -> 16 | AE28: 60 | AF28: BETWEEN | AG28: 75 | AH28: 75 | AI28: 82 | AJ28: 88 | AK28: 95 | AL28: HPTEV/5 | AM28: =AE28 -> 60 | AN28: =AM28/5 -> 12 | AO28: =AG28 -> 75 | AP28: =AO28/5 -> 15 | AQ28: 24 | AU28: =AI28/5 -> 16.4 | AV28: =AJ28/5 -> 17.6 | AW28: =AK28/5 -> 19 | AY28: 70 | AZ28: BETWEEN | BA28: 80 | BB28: 80 | BC28: 90 | BD28: 100 | BE28: 110 | BF28: HPTEV/5 | BG28: =AY28 -> 70 | BH28: =BG28/5 -> 14 | BI28: =BA28 -> 80 | BJ28: =BI28/5 -> 16 | BK28: 24 | BO28: =BC28/5 -> 18 | BP28: =BD28/5 -> 20 | BQ28: =BE28/5 -> 22
B29: Contact and Power | C29: 10 Swing Fastball Matrix | D29: H10FAST | E29: With live pitching or a machine, have the player take 10 swings on fastballs. The player can choose the 10 pitches. If the player swings and misses, they get 0 points. If the player hits a foul ball, foul tip, or weak infield ball, they get 1 point. If the player hits a ball that would roll past the infielders or a fly ball that could be caught by an infielder, they get 2 points. If the player hits a hard grounder or fly ball, they get 3 points. Balls that fly over the outfielders or hard gap/line hits will get 4 points. The player can get 5 points for a no-doubt home run. | F29: SELECT Miss, Foul, Weak Infield, Ground Ball, Hard Ground Ball, Fly Ball, Hard Gap or Line, Home Run, INPUT Exit Velo | G29: Separate Entry for each of the 10 Swings | H29: Selection and MPH | I29: 0 Points - 50 Points | K29: 20 | L29: BETWEEN | M29: 30 | N29: 33 | O29: 36 | P29: 38 | Q29: 40 | R29: =$D29 -> H10FAST | S29: =K29 -> 20 | T29: =S29 -> 20 | U29: =M29 -> 30 | V29: =U29 -> 30 | W29: 50 | AA29: =O29 -> 36 | AB29: =P29 -> 38 | AC29: =Q29 -> 40 | AE29: 24 | AF29: BETWEEN | AG29: 34 | AH29: 34 | AI29: 36 | AJ29: 39 | AK29: 42 | AL29: =$D29 -> H10FAST | AM29: =AE29 -> 24 | AN29: =AM29 -> 24 | AO29: =AG29 -> 34 | AP29: =AO29 -> 34 | AQ29: 50 | AU29: =AI29 -> 36 | AV29: =AJ29 -> 39 | AW29: =AK29 -> 42 | AY29: 25 | AZ29: BETWEEN | BA29: 35 | BB29: 35 | BC29: 38 | BD29: 41 | BE29: 44 | BF29: =$D29 -> H10FAST | BG29: =AY29 -> 25 | BH29: =BG29 -> 25 | BI29: =BA29 -> 35 | BJ29: =BI29 -> 35 | BK29: 50 | BO29: =BC29 -> 38 | BP29: =BD29 -> 41 | BQ29: =BE29 -> 44
B30: Contact | C30: 5 Swing Curves | D30: H5CBPD | E30: With live pitching or a machine, have the player take 5 swings on Curves. The player can choose the 5 pitches. If the player swings and misses, they get 0 points. If the player hits a foul ball, foul tip, or weak infield ball, they get 1 point. If the player hits a ball that would roll past the infielders or a fly ball that could be caught by an infielder, they get 2 points. If the player hits a hard grounder or fly ball, they get 3 points. Balls that fly over the outfielders or hard gap/line hits will get 4 points. The player can get 5 points for a no-doubt home run. | F30: SELECT Miss, Foul, Weak Infield, Ground Ball, Hard Ground Ball, Fly Ball, Hard Gap or Line, Home Run, INPUT Exit Velo | G30: Separate Entry for each of the 5 Swings | H30: Selection and MPH | I30: 0 Points - 25 Points | K30: =K29/2-2 -> 8 | L30: BETWEEN | M30: =M29/2-2 -> 13 | N30: =N29/2-2 -> 14.5 | O30: =O29/2-2 -> 16 | P30: =P29/2-2 -> 17 | Q30: =Q29/2-2 -> 18 | R30: H5CBPD | S30: =K30 -> 8 | T30: =S30 -> 8 | U30: =M30 -> 13 | V30: =U30 -> 13 | W30: 25 | AA30: =O30 -> 16 | AB30: =P30 -> 17 | AC30: =Q30 -> 18 | AE30: =AE29/2-2 -> 10 | AF30: BETWEEN | AG30: =AG29/2-2 -> 15 | AH30: =AH29/2-2 -> 15 | AI30: =AI29/2-2 -> 16 | AJ30: 17 | AK30: =AK29/2-2 -> 19 | AL30: H5CBPD | AM30: =AE30 -> 10 | AN30: =AM30 -> 10 | AO30: =AG30 -> 15 | AP30: =AO30 -> 15 | AQ30: 25 | AU30: =AI30 -> 16 | AV30: =AJ30 -> 17 | AW30: =AK30 -> 19 | AY30: 10 | AZ30: BETWEEN | BA30: 16 | BB30: 16 | BC30: =BC29/2-2 -> 17 | BD30: 17 | BE30: =BE29/2-2 -> 20 | BF30: H5CBPD | BG30: =AY30 -> 10 | BH30: =BG30 -> 10 | BI30: =BA30 -> 16 | BJ30: =BI30 -> 16 | BK30: 25 | BO30: =BC30 -> 17 | BP30: =BD30 -> 17 | BQ30: =BE30 -> 20
B31: Contact | C31: 5 Swing Varied Speed | D31: H5VSPD | E31: With live pitching or a machine, have the player take 5 swings on off-speed pitches. The player can choose the 5 pitches. Pitches in this test should vary from a full speed fastball to a very slow change-up. If the player swings and misses, they get 0 points. If the player hits a foul ball, foul tip, or weak infield ball, they get 1 point. If the player hits a ball that would roll past the infielders or a fly ball that could be caught by an infielder, they get 2 points. If the player hits a hard grounder or fly ball, they get 3 points. Balls that fly over the outfielders or hard gap/line hits will get 4 points. The player can get 5 points for a no-doubt home run. | F31: SELECT Miss, Foul, Weak Infield, Ground Ball, Hard Ground Ball, Fly Ball, Hard Gap or Line, Home Run, INPUT Exit Velo | G31: Separate Entry for each of the 5 Swings | H31: Selection and MPH | I31: 0 Points - 25 Points | K31: =K29/2-2 -> 8 | L31: BETWEEN | M31: =M29/2-2 -> 13 | N31: =N29/2-2 -> 14.5 | O31: =O29/2-2 -> 16 | P31: =P29/2-2 -> 17 | Q31: =Q29/2-2 -> 18 | R31: H5VSPD | S31: =K31 -> 8 | T31: =S31 -> 8 | U31: =M31 -> 13 | V31: =U31 -> 13 | W31: 25 | AA31: =O31 -> 16 | AB31: =P31 -> 17 | AC31: =Q31 -> 18 | AE31: =AE29/2-2 -> 10 | AF31: BETWEEN | AG31: =AG29/2-2 -> 15 | AH31: =AH29/2-2 -> 15 | AI31: =AI29/2-2 -> 16 | AJ31: 17 | AK31: =AK29/2-2 -> 19 | AL31: H5VSPD | AM31: =AE31 -> 10 | AN31: =AM31 -> 10 | AO31: =AG31 -> 15 | AP31: =AO31 -> 15 | AQ31: 25 | AU31: =AI31 -> 16 | AV31: =AJ31 -> 17 | AW31: =AK31 -> 19 | AY31: 10 | AZ31: BETWEEN | BA31: 16 | BB31: 16 | BC31: =BC29/2-2 -> 17 | BD31: 17 | BE31: =BE29/2-2 -> 20 | BF31: H5VSPD | BG31: =AY31 -> 10 | BH31: =BG31 -> 10 | BI31: =BA31 -> 16 | BJ31: =BI31 -> 16 | BK31: 25 | BO31: =BC31 -> 17 | BP31: =BD31 -> 17 | BQ31: =BE31 -> 20
B32: Power | C32: Max Bat Speed | D32: HPBS | E32: Have the player make dry swings with their game bat in front of a radar and measure the maximum bat speed. The player gets 3 attempts. | F32: INPUT | G32: Separate Input for each of the 3 attempts | H32: MPH | I32: 0 MPH - 120 MPH | K32: 45 | L32: BETWEEN | M32: 55 | N32: 58 | O32: 61 | P32: 64 | Q32: 68 | R32: HBSPEED/4 | S32: =K32 -> 45 | T32: =S32/4 -> 11.25 | U32: =M32 -> 55 | V32: =U32/4 -> 13.75 | W32: 25 | AA32: =O32/4 -> 15.25 | AB32: =P32/4 -> 16 | AC32: =Q32/4 -> 17 | AE32: 55 | AF32: BETWEEN | AG32: 65 | AH32: 65 | AI32: 68 | AJ32: 72 | AK32: 75 | AL32: HBSPEED/4 | AM32: =AE32 -> 55 | AN32: =AM32/4 -> 13.75 | AO32: =AG32 -> 65 | AP32: =AO32/4 -> 16.25 | AQ32: 25 | AU32: =AI32/4 -> 17 | AV32: =AJ32/4 -> 18 | AW32: =AK32/4 -> 18.75 | AY32: 65 | AZ32: BETWEEN | BA32: 75 | BB32: 75 | BC32: 80 | BD32: 85 | BE32: 90 | BF32: HBSPEED/4 | BG32: =AY32 -> 65 | BH32: =BG32/4 -> 16.25 | BI32: =BA32 -> 75 | BJ32: =BI32/4 -> 18.75 | BK32: 25 | BO32: =BC32/4 -> 20 | BP32: =BD32/4 -> 21.25 | BQ32: =BE32/4 -> 22.5
B33: Hitting Contact Medal Requirements | D33: CONTACTSCORE | N33: Must meet thresholds for HC10LD and H10FAST | T33: =SUM(T27+T29+T30+T31) -> 41 | V33: =SUM(V27+V29+V30+V31) -> 63 | W33: =SUM(W27+W29+W30+W31) -> 110 | AA33: =SUM(AA27+AA29+AA30+AA31) -> 76 | AB33: =SUM(AB27+AB29+AB30+AB31) -> 81 | AC33: =SUM(AC27+AC29+AC30+AC31) -> 86 | AH33: Must meet thresholds for HC10LD and H10FAST | AN33: =SUM(AN27+AN29+AN30+AN31) -> 49 | AP33: =SUM(AP27+AP29+AP30+AP31) -> 71 | AQ33: =SUM(AQ27+AQ29+AQ30+AQ31) -> 110 | AU33: =SUM(AU27+AU29+AU30+AU31) -> 76 | AV33: =SUM(AV27+AV29+AV30+AV31) -> 82 | AW33: =SUM(AW27+AW29+AW30+AW31) -> 90 | BB33: Must Meet Thresholds for all CONTACT Tests | BH33: =SUM(BH27+BH29+BH30+BH31) -> 50 | BJ33: =SUM(BJ27+BJ29+BJ30+BJ31) -> 74 | BK33: =SUM(BK27+BK29+BK30+BK31) -> 110 | BO33: =SUM(BO27+BO29+BO30+BO31) -> 80 | BP33: =SUM(BP27+BP29+BP30+BP31) -> 84 | BQ33: =SUM(BQ27+BQ29+BQ30+BQ31) -> 94
B34: Hitting Power Medal Requirements | D34: HITPOWERSCORE | N34: Must meed thresholds for HC10LD, H10FAST, and HPBS | T34: =SUM(T32+T29+T28) -> 41.25 | V34: =SUM(V32+V29+V28) -> 56.75 | W34: =SUM(W32+W29+W28) -> 99 | AA34: =SUM(AA32+AA29+AA28) -> 65.25 | AB34: =SUM(AB32+AB29+AB28) -> 69 | AC34: =SUM(AC32+AC29+AC28) -> 73 | AH34: Must meed thresholds for HC10LD, H10FAST, and HPBS | AN34: =SUM(AN32+AN29+AN28) -> 49.75 | AP34: =SUM(AP32+AP29+AP28) -> 65.25 | AQ34: =SUM(AQ32+AQ29+AQ28) -> 99 | AU34: =SUM(AU32+AU29+AU28) -> 69.4 | AV34: =SUM(AV32+AV29+AV28) -> 74.6 | AW34: =SUM(AW32+AW29+AW28) -> 79.75 | BB34: Must Meet Thresholds for all POWER Tests | BH34: =SUM(BH32+BH29+BH28) -> 55.25 | BJ34: =SUM(BJ32+BJ29+BJ28) -> 69.75 | BK34: =SUM(BK32+BK29+BK28) -> 99 | BO34: =SUM(BO32+BO29+BO28) -> 76 | BP34: =SUM(BP32+BP29+BP28) -> 82.25 | BQ34: =SUM(BQ32+BQ29+BQ28) -> 88.5
B35: Hitting Category Totals | D35: HITSCORE | T35: =SUM(T27:T32) -> 62.25 | V35: =SUM(V27:V32) -> 89.75 | W35: =SUM(W27:W32) -> 159 | X35: 50 | Y35: =(T35/W35)*X35 -> 19.575472 | Z35: =(V35/W35)*X35 -> 28.22327 | AA35: =SUM(AA27:AA32) -> 105.25 | AB35: =SUM(AB27:AB32) -> 112 | AC35: =SUM(AC27:AC32) -> 119 | AN35: =SUM(AN27:AN32) -> 74.75 | AP35: =SUM(AP27:AP32) -> 102.25 | AQ35: =SUM(AQ27:AQ32) -> 159 | AR35: 50 | AS35: =(AN35/AQ35)*AR35 -> 23.506289 | AT35: =(AP35/AQ35)*AR35 -> 32.154088 | AU35: =SUM(AU27:AU32) -> 109.4 | AV35: =SUM(AV27:AV32) -> 117.6 | AW35: =SUM(AW27:AW32) -> 127.75 | BH35: =SUM(BH27:BH32) -> 80.25 | BJ35: =SUM(BJ27:BJ32) -> 108.75 | BK35: =SUM(BK27:BK32) -> 159 | BL35: 50 | BM35: =(BH35/BK35)*BL35 -> 25.235849 | BN35: =(BJ35/BK35)*BL35 -> 34.198113 | BO35: =SUM(BO27:BO32) -> 118 | BP35: =SUM(BP27:BP32) -> 125.25 | BQ35: =SUM(BQ27:BQ32) -> 138.5
A36: Position Specific | B36: Pitcher | C36: Max Pitch Velo | D36: TSPEED | E36: Have the player throw 5 pitches from 60ft, 6 Inches trying to max out their Velocity. | F36: INPUT | G36: Separate Input for each of the 5 attempts | H36: MPH | I36: 0 MPH - 120 MPH | K36: 55 | L36: BETWEEN | M36: 70 | N36: 70 | O36: 77 | P36: 84 | Q36: 90 | R36: TSPEED/2 | S36: =K36 -> 55 | T36: =S36/2 -> 27.5 | U36: =M36 -> 70 | V36: =U36/2 -> 35 | W36: =95/2 -> 47.5 | AA36: =O36/2 -> 38.5 | AB36: =P36/2 -> 42 | AC36: =Q36/2 -> 45 | AE36: 70 | AF36: BETWEEN | AG36: 80 | AH36: 80 | AI36: 87 | AJ36: 94 | AK36: 98 | AL36: TSPEED/2 | AM36: =AE36 -> 70 | AN36: =AM36/2 -> 35 | AO36: =AG36 -> 80 | AP36: =AO36/2 -> 40 | AQ36: =100/2 -> 50 | AU36: =AI36/2 -> 43.5 | AV36: =AJ36/2 -> 47 | AW36: =AK36/2 -> 49 | AY36: 80 | AZ36: BETWEEN | BA36: 88 | BB36: 88 | BC36: 92 | BD36: 97 | BE36: 102 | BF36: TSPEED/2 | BG36: =AY36 -> 80 | BH36: =BG36/2 -> 40 | BI36: =BA36 -> 88 | BJ36: =BI36/2 -> 44 | BK36: 52.5 | BO36: =BC36/2 -> 46 | BP36: =BD36/2 -> 48.5 | BQ36: =BE36/2 -> 51
B37: Pitcher | C37: 20 Pitch Test | D37: TPITCH2060 | E37: Have the player pitch toward a 9-slot pitching target from 60ft, 6 inches. Before each pitch, the player should "call his shot" for the specific slot he is aiming at. The player gets 0 points if they miss the target, 1 point if they hit the target, but not in the chosen slot, and 3 points for hitting the called section of the target. | F37: SELECT Missed Target, Hit General Target, Hit Specific Section | G37: Separate Entry for each of the 20 pitches | H37: Selection | I37: 0 Points - 60 Points | K37: 20 | L37: BETWEEN | M37: 36 | N37: 36 | O37: 39 | P37: 42 | Q37: 45 | R37: =$D37 -> TPITCH2060 | S37: =K37 -> 20 | T37: =S37 -> 20 | U37: =M37 -> 36 | V37: =U37 -> 36 | W37: 60 | AA37: =O37 -> 39 | AB37: =P37 -> 42 | AC37: =Q37 -> 45 | AE37: 24 | AF37: BETWEEN | AG37: 36 | AH37: 36 | AI37: 39 | AJ37: 42 | AK37: 45 | AL37: =$D37 -> TPITCH2060 | AM37: =AE37 -> 24 | AN37: =AM37 -> 24 | AO37: =AG37 -> 36 | AP37: =AO37 -> 36 | AQ37: 60 | AU37: =AI37 -> 39 | AV37: =AJ37 -> 42 | AW37: =AK37 -> 45 | AY37: 32 | AZ37: BETWEEN | BA37: 42 | BB37: 42 | BC37: 46 | BD37: 50 | BE37: 55 | BF37: =$D37 -> TPITCH2060 | BG37: =AY37 -> 32 | BH37: =BG37 -> 32 | BI37: =BA37 -> 42 | BJ37: =BI37 -> 42 | BK37: 60 | BO37: =BC37 -> 46 | BP37: =BD37 -> 50 | BQ37: =BE37 -> 55
B38: Pitcher | C38: 5 Pitch Additional Pitch (from intake) | D38: TPITCH5AP1, TPITCH5AP2, TPITCH5AP3, TPITCH5AP4, TPITCH5AP5, | E38: Have the player pitch toward a 9-slot pitching target from 60 feet 6 inches. Before each pitch, the player should "call his shot" for the specific slot he is aiming at. The player gets 0 points if they miss the target, 1 point if they hit the target, but not in the chosen slot, and 3 points for hitting the called section of the target. This screen will consist of multiple tests cooresponding to the different pitches that the player wants to throw during the screen. | F38: SELECT Missed Target, Hit General Target, Hit Specific Section | G38: Separate Entry for each of the 5 pitches | H38: Selection | I38: 0 Points - 15 Points | K38: =K37/4 -> 5 | L38: BETWEEN | M38: 8 | N38: 8 | O38: 9 | P38: 10 | Q38: 11 | R38: =$D38 -> TPITCH5AP1, TPITCH5AP2, TPITCH5AP3, TPITCH5AP4, TPITCH5AP5, | S38: =K38 -> 5 | T38: =S38 -> 5 | U38: =M38 -> 8 | V38: =U38 -> 8 | W38: 15 | AE38: =AE37/4 -> 6 | AF38: BETWEEN | AG38: 8 | AH38: 8 | AI38: 9 | AJ38: 10 | AK38: 11 | AL38: =$D38 -> TPITCH5AP1, TPITCH5AP2, TPITCH5AP3, TPITCH5AP4, TPITCH5AP5, | AM38: =AE38 -> 6 | AN38: =AM38 -> 6 | AO38: =AG38 -> 8 | AP38: =AO38 -> 8 | AQ38: 15 | AY38: =AY37/4 -> 8 | AZ38: BETWEEN | BA38: 9 | BB38: 9 | BC38: 11 | BD38: 12 | BE38: 14 | BF38: =$D38 -> TPITCH5AP1, TPITCH5AP2, TPITCH5AP3, TPITCH5AP4, TPITCH5AP5, | BG38: =AY38 -> 8 | BH38: =BG38 -> 8 | BI38: =BA38 -> 9 | BJ38: =BI38 -> 9 | BK38: 15
C39: Average of Additional Pitches | D39: TPITCH5AVG | E39: Take the avereage of all the additional ptich scores above | F39: NO INPUT | G39: Calculation | I39: 0 Points - 15 Points | K39: 5 | L39: BETWEEN | M39: 8 | N39: 8 | O39: 9 | P39: 10 | Q39: 11 | R39: =$D39 -> TPITCH5AVG | S39: =K39 -> 5 | T39: =S39 -> 5 | U39: =M39 -> 8 | V39: =U39 -> 8 | W39: 15 | AA39: =O39 -> 9 | AB39: =P39 -> 10 | AC39: =Q39 -> 11 | AE39: 6 | AF39: BETWEEN | AG39: 8 | AH39: 8 | AI39: 9 | AJ39: 10 | AK39: 11 | AL39: =$D39 -> TPITCH5AVG | AM39: =AE39 -> 6 | AN39: =AM39 -> 6 | AO39: =AG39 -> 8 | AP39: =AO39 -> 8 | AQ39: 15 | AU39: =AI39 -> 9 | AV39: =AJ39 -> 10 | AW39: =AK39 -> 11 | AY39: 7 | AZ39: BETWEEN | BA39: 9 | BB39: 9 | BC39: 11 | BD39: 12 | BE39: 14 | BF39: =$D39 -> TPITCH5AVG | BG39: =AY39 -> 7 | BH39: =BG39 -> 7 | BI39: =BA39 -> 9 | BJ39: =BI39 -> 9 | BK39: 15 | BO39: =BC39 -> 11 | BP39: =BD39 -> 12 | BQ39: =BE39 -> 14
B40: Additional Pitch Count | D40: ADDPITCHES | E40: Equals the count of the additional pitches that the player enters into the screen, maximum 4 | T40: 1 | V40: 2 | AA40: 2 | AB40: 3 | AC40: 4 | AN40: 1 | AP40: 2 | AU40: 2 | AV40: 3 | AW40: 4 | BH40: 1 | BJ40: 2 | BO40: 2 | BP40: 3 | BQ40: 4
B41: Pitching Speed Medal Requirement | D41: PITCHSPEEDSCORE | N41: Must Meet the Threshold for TSPEED | T41: =T36 -> 27.5 | V41: =V36 -> 35 | W41: =W36 -> 47.5 | AA41: =AA36 -> 38.5 | AB41: =AB36 -> 42 | AC41: =AC36 -> 45 | AH41: Must Meet the Threshold for TSPEED | AN41: =AN36 -> 35 | AP41: =AP36 -> 40 | AQ41: =AQ36 -> 50 | AU41: =AU36 -> 43.5 | AV41: =AV36 -> 47 | AW41: =AW36 -> 49 | BB41: Must Meet the Threshold for TSPEED | BH41: =BH36 -> 40 | BJ41: =BJ36 -> 44 | BK41: =BK36 -> 52.5 | BO41: =BO36 -> 46 | BP41: =BP36 -> 48.5 | BQ41: =BQ36 -> 51
B42: Pitching Accuracy Medal Requirement | D42: PITCHACCSCORE | N42: Must Meet the Requirement for TPITCH20 | T42: =SUM(T37+T39) -> 25 | V42: =SUM(V37+V39) -> 44 | W42: =SUM(W37+W39) -> 75 | AA42: =SUM(AA37+AA39) -> 48 | AB42: =SUM(AB37+AB39) -> 52 | AC42: =SUM(AC37+AC39) -> 56 | AH42: Must Meet the Requirement for TPITCH2060 and TPITCH5AVG | AN42: =SUM(AN37+AN39) -> 30 | AP42: =SUM(AP37+AP39) -> 44 | AQ42: =SUM(AQ37+AQ39) -> 75 | AU42: =SUM(AU37+AU39) -> 48 | AV42: =SUM(AV37+AV39) -> 52 | AW42: =SUM(AW37+AW39) -> 56 | BB42: Must Meet the Requirement for TPITCH2060 and TPITCH5AVG | BH42: =SUM(BH37+BH39) -> 39 | BJ42: =SUM(BJ37+BJ39) -> 51 | BK42: =SUM(BK37+BK39) -> 75 | BO42: =SUM(BO37+BO39) -> 57 | BP42: =SUM(BP37+BP39) -> 62 | BQ42: =SUM(BQ37+BQ39) -> 69
B43: Pitching Category Totals | D43: PITCHSCORE | T43: =SUM(T39,T36:T37) -> 52.5 | V43: =SUM(V39,V36:V37) -> 79 | W43: =SUM(W39,W36:W37) -> 122.5 | X43: 50 | Y43: =(T43/W43)*X43 -> 21.428571 | Z43: =(V43/W43)*X43 -> 32.244898 | AA43: =SUM(AA39,AA36:AA37) -> 86.5 | AB43: =SUM(AB39,AB36:AB37) -> 94 | AC43: =SUM(AC39,AC36:AC37) -> 101 | AL43: =$D44 -> C20PCS | AN43: =SUM(AN39,AN36:AN37) -> 65 | AP43: =SUM(AP39,AP36:AP37) -> 84 | AQ43: =SUM(AQ39,AQ36:AQ37) -> 125 | AR43: 50 | AS43: =(AN43/AQ43)*AR43 -> 26 | AT43: =(AP43/AQ43)*AR43 -> 33.6 | AU43: =SUM(AU39,AU36:AU37) -> 91.5 | AV43: =SUM(AV39,AV36:AV37) -> 99 | AW43: =SUM(AW39,AW36:AW37) -> 105 | BH43: =SUM(BH39,BH36:BH37) -> 79 | BJ43: =SUM(BJ39,BJ36:BJ37) -> 95 | BK43: =SUM(BK39,BK36:BK37) -> 127.5 | BL43: 50 | BM43: =(BH43/BK43)*BL43 -> 30.980392 | BN43: =(BJ43/BK43)*BL43 -> 37.254902 | BO43: =SUM(BO39,BO36:BO37) -> 103 | BP43: =SUM(BP39,BP36:BP37) -> 110.5 | BQ43: =SUM(BQ39,BQ36:BQ37) -> 120
B44: Catcher | C44: 20 Pitch Catcher Screen | D44: C20PCS | E44: Have the catcher set up to catch a live pitcher or machine. Have the player catch 10 pitches. 6 pitches should be pretty standard strikes in the zone. 2 should be balls outside the zone, and 2 should be in the dirt in front of the player. The player gets 0 points for a passed ball, 1 point for a blocked ball that stays in front of them, and 2 points for a catch or scoop. | F44: SELECT Pitch Type - In the Zone, Outside the Zone, In the Dirt, SELECT Passed Ball, Blocked Ball, Catch, Scoop | G44: Separate Entry for each of the 20 pitches | H44: Multiple Selections | I44: 0 Points - 40 Points | K44: 10 | L44: BETWEEN | M44: 20 | N44: 20 | O44: 24 | P44: 27 | Q44: 30 | R44: =$D44 -> C20PCS | S44: =K44 -> 10 | T44: =S44 -> 10 | U44: =M44 -> 20 | V44: =U44 -> 20 | W44: 40 | AA44: =O44 -> 24 | AB44: =P44 -> 27 | AC44: =Q44 -> 30 | AE44: 12 | AF44: BETWEEN | AG44: 22 | AH44: 22 | AI44: 26 | AJ44: 30 | AK44: 34 | AM44: =AE44 -> 12 | AN44: =AM44 -> 12 | AO44: =AG44 -> 22 | AP44: =AO44 -> 22 | AQ44: 40 | AU44: =AI44 -> 26 | AV44: =AJ44 -> 30 | AW44: =AK44 -> 34 | AY44: 15 | AZ44: BETWEEN | BA44: 25 | BB44: 25 | BC44: 30 | BD44: 35 | BE44: 38 | BF44: =$D44 -> C20PCS | BG44: =AY44 -> 15 | BH44: =BG44 -> 15 | BI44: =BA44 -> 25 | BJ44: =BI44 -> 25 | BK44: 40 | BO44: =BC44 -> 30 | BP44: =BD44 -> 35 | BQ44: =BE44 -> 38
B45: Catcher | C45: Timed throw to 2B | D45: CT2BT | E45: Have the catcher receive a pitch a then throw it to second base. There can be a target or player at second base. Time the player from the time the ball crosses the plate to the time the ball reaches second base. | F45: INPUT with optional stopwatch | H45: Time - Seconds to the hundreth | I45: .5 seconds - 6 seconds | K45: 2.4 | L45: BETWEEN | M45: 1.5 | N45: 1.5 | O45: 1.45 | P45: 1.4 | Q45: 1.25 | R45: (5-CB2BT)*4 | S45: =K45 -> 2.4 | T45: =(5-K45)*4 -> 10.4 | U45: =M45 -> 1.5 | V45: =(5-M45)*4 -> 14 | W45: 15 | AA45: =(5-O45)*4 -> 14.2 | AB45: =(5-P45)*4 -> 14.4 | AC45: =(5-Q45)*4 -> 15 | AE45: 2.4 | AF45: BETWEEN | AG45: 1.5 | AH45: 1.5 | AI45: 1.45 | AJ45: 1.4 | AK45: 1.25 | AL45: (5-IFSS1BT)*4 | AM45: =AE45 -> 2.4 | AN45: =(5-AE45)*4 -> 10.4 | AO45: =AG45 -> 1.5 | AP45: =(5-AG45)*4 -> 14 | AQ45: 15 | AU45: =(5-AI45)*4 -> 14.2 | AV45: =(5-AJ45)*2.5 -> 9 | AW45: =(5-AK45)*4 -> 15 | AY45: 2.4 | AZ45: BETWEEN | BA45: 1.5 | BB45: 1.5 | BC45: 1.45 | BD45: 1.4 | BE45: 1.25 | BF45: (5-IFSS1BT)*4 | BG45: =AY45 -> 2.4 | BH45: =(5-AY45)*4 -> 10.4 | BI45: =BA45 -> 1.5 | BJ45: =(5-BI45)*4 -> 14 | BK45: 15 | BO45: =(5-BC45)*4 -> 14.2 | BP45: =(5-BD45)*4 -> 14.4 | BQ45: =(5-BE45)*4 -> 15
B46: Catcher | C46: Target Throw 2B | D46: CTTT2B | E46: Have the catcher receive 5 pitches and then throw it to 2B. The player gets one point for catching the ball and making a throw, and 3 points for hitting the target. | F46: SELECT No Catch, Throw Missed Target, Throw Hit Target | G46: Separate Entry for each of the 5 pitches | H46: Selection | I46: 0 Points - 15 Points | K46: 5 | L46: BETWEEN | M46: 10 | N46: 10 | O46: 11 | P46: 13 | Q46: 15 | R46: =$D46 -> CTTT2B | S46: =K46 -> 5 | T46: =S46 -> 5 | U46: =M46 -> 10 | V46: =U46 -> 10 | W46: 15 | AA46: =O46 -> 11 | AB46: =P46 -> 13 | AC46: =Q46 -> 15 | AE46: 5 | AF46: BETWEEN | AG46: 10 | AH46: 10 | AI46: 11 | AJ46: 13 | AK46: 15 | AL46: =$D46 -> CTTT2B | AM46: =AE46 -> 5 | AN46: =AM46 -> 5 | AO46: =AG46 -> 10 | AP46: =AO46 -> 10 | AQ46: 15 | AU46: =AI46 -> 11 | AV46: =AJ46 -> 13 | AW46: =AK46 -> 15 | AY46: 5 | AZ46: BETWEEN | BA46: 10 | BB46: 10 | BC46: 11 | BD46: 13 | BE46: 15 | BF46: =$D46 -> CTTT2B | BG46: =AY46 -> 5 | BH46: =BG46 -> 5 | BI46: =BA46 -> 10 | BJ46: =BI46 -> 10 | BK46: 15 | BO46: =BC46 -> 11 | BP46: =BD46 -> 13 | BQ46: =BE46 -> 15
B47: Catcher Medal Requirements | N47: Must Meet the Thresholds for CT2BT and C10PCS | AH47: Must Meet the Thresholds for CT2BT and C10PCS | BB47: Must Meet All Category Thresholds
B48: Catcher Category Totals | D48: CATCHERSCORE | T48: =SUM(T44:T46) -> 25.4 | V48: =SUM(V44:V46) -> 44 | W48: =SUM(W44:W46) -> 70 | X48: 50 | Y48: =(T48/W48)*X48 -> 18.142857 | Z48: =(V48/W48)*X48 -> 31.428571 | AA48: =SUM(AA44:AA46) -> 49.2 | AB48: =SUM(AB44:AB46) -> 54.4 | AC48: =SUM(AC44:AC46) -> 60 | AN48: =SUM(AN44:AN46) -> 27.4 | AP48: =SUM(AP44:AP46) -> 46 | AQ48: =SUM(AQ44:AQ46) -> 70 | AR48: 50 | AS48: =(AN48/AQ48)*AR48 -> 19.571429 | AT48: =(AP48/AQ48)*AR48 -> 32.857143 | AU48: =SUM(AU44:AU46) -> 51.2 | AV48: =SUM(AV44:AV46) -> 52 | AW48: =SUM(AW44:AW46) -> 64 | BH48: =SUM(BH44:BH46) -> 30.4 | BJ48: =SUM(BJ44:BJ46) -> 49 | BK48: =SUM(BK44:BK46) -> 70 | BL48: 50 | BM48: =(BH48/BK48)*BL48 -> 21.714286 | BN48: =(BJ48/BK48)*BL48 -> 35 | BO48: =SUM(BO44:BO46) -> 55.2 | BP48: =SUM(BP44:BP46) -> 62.4 | BQ48: =SUM(BQ44:BQ46) -> 68
B49: First Base | C49: 10 Catch 1B | D49: C101B | E49: Have the player set up at first base to take throws from ShortStop. Have a machine or player throw 5 balls at the player. 3 should be good throws and 2 should be high, low, or to the sides of the player. The player gets 0 points for a missed catch that gets by, 1 point for a blocked ball , and 3 points for a catch with the foot on the bag. | F49: SELECT Throw Type - Good or Hard, INPUT Miss, Blocked, or Catch | G49: Separate Entry for each of the 10 throws | H49: Multiple Selections | I49: 0 Points - 30 Points | K49: 8 | L49: BETWEEN | M49: 18 | N49: 18 | O49: 19 | P49: 22 | Q49: 25 | R49: =$D49 -> C101B | S49: =K49 -> 8 | T49: =S49 -> 8 | U49: =M49 -> 18 | V49: =U49 -> 18 | W49: 30 | AA49: =O49 -> 19 | AB49: =P49 -> 22 | AC49: =Q49 -> 25 | AE49: 12 | AF49: BETWEEN | AG49: 20 | AH49: 20 | AI49: 22 | AJ49: 25 | AK49: 27 | AL49: =$D49 -> C101B | AM49: =AE49 -> 12 | AN49: =AM49 -> 12 | AO49: =AG49 -> 20 | AP49: =AO49 -> 20 | AQ49: 30 | AU49: =AI49 -> 22 | AV49: =AJ49 -> 25 | AW49: =AK49 -> 27 | AY49: 16 | AZ49: BETWEEN | BA49: 24 | BB49: 24 | BC49: 25 | BD49: 28 | BE49: 29 | BF49: =$D49 -> C101B | BG49: =AY49 -> 16 | BH49: =BG49 -> 16 | BI49: =BA49 -> 24 | BJ49: =BI49 -> 24 | BK49: 30 | BO49: =BC49 -> 25 | BP49: =BD49 -> 28 | BQ49: =BE49 -> 29
B50: First Base | C50: Scoops Test | D50: C1BST | E50: Have a machine or player stand 40ft from first base. Throw 5 balls short of the player that the first baseman must scoop. The player gets 0 points for a missed catch that gets by, 1 point for a blocked ball, and 3 points for a scoop with the foot on the bag. | F50: SELECT Miss, Blocked Ball, Catch | G50: Separate Entry for each of the 10 throws | H50: Selection | I50: 0 Points - 15 Points | K50: 2 | L50: BETWEEN | M50: 8 | N50: 8 | O50: 9 | P50: 10 | Q50: 12 | R50: =$D50 -> C1BST | S50: =K50 -> 2 | T50: =S50 -> 2 | U50: =M50 -> 8 | V50: =U50 -> 8 | W50: 15 | AA50: =O50 -> 9 | AB50: =P50 -> 10 | AC50: =Q50 -> 12 | AE50: 6 | AF50: BETWEEN | AG50: 9 | AH50: 9 | AI50: 11 | AJ50: 12 | AK50: 14 | AL50: =$D50 -> C1BST | AM50: =AE50 -> 6 | AN50: =AM50 -> 6 | AO50: =AG50 -> 9 | AP50: =AO50 -> 9 | AQ50: 15 | AU50: =AI50 -> 11 | AV50: =AJ50 -> 12 | AW50: =AK50 -> 14 | AY50: 8 | AZ50: BETWEEN | BA50: 10 | BB50: 10 | BC50: 12 | BD50: 14 | BE50: 15 | BF50: =$D50 -> C1BST | BG50: =AY50 -> 8 | BH50: =BG50 -> 8 | BI50: =BA50 -> 10 | BJ50: =BI50 -> 10 | BK50: 15 | BO50: =BC50 -> 12 | BP50: =BD50 -> 14 | BQ50: =BE50 -> 15
B51: First Base | C51: First Base R/L/C Grounders | D51: RLC1B | E51: Hit a total of 6 ground balls to the player at first base. 2 will be to the center, 2 will make the player move at least 10 feet to the right, and 2 will make the player move at least 10 feet to the left. The player will get 0 points if they fail to field the ground ball, and 2 points if they field the ball and run to touch first base. | F51: SELECT - Right, Center, Left, SELECT - Didn't Field, Fielded but Missed Target, Fielded and Hit Target | G51: Separate Entry for each of the 6 grounders | H51: Multiple Selections | I51: 0 Points - 12 Points | K51: 4 | L51: BETWEEN | M51: 9 | N51: 9 | O51: 10 | P51: 11 | Q51: 12 | R51: =$D51 -> RLC1B | S51: =K51 -> 4 | T51: =S51 -> 4 | U51: =M51 -> 9 | V51: =U51 -> 9 | W51: 12 | AA51: =O51 -> 10 | AB51: =P51 -> 11 | AC51: =Q51 -> 12 | AE51: 5 | AF51: BETWEEN | AG51: 9 | AH51: 9 | AI51: 10 | AJ51: 11 | AK51: 12 | AL51: =$D51 -> RLC1B | AM51: =AE51 -> 5 | AN51: =AM51 -> 5 | AO51: =AG51 -> 9 | AP51: =AO51 -> 9 | AQ51: 12 | AU51: =AI51 -> 10 | AV51: =AJ51 -> 11 | AW51: =AK51 -> 12 | AY51: 7 | AZ51: BETWEEN | BA51: 9 | BB51: 9 | BC51: 10 | BD51: 11 | BE51: 12 | BF51: =$D51 -> RLC1B | BG51: =AY51 -> 7 | BH51: =BG51 -> 7 | BI51: =BA51 -> 9 | BJ51: =BI51 -> 9 | BK51: 12 | BO51: =BC51 -> 10 | BP51: =BD51 -> 11 | BQ51: =BE51 -> 12
B52: First Base | C52: Flys | D52: FBFLY | E52: Hit 3 fly balls to the first base side. These can be into foul territory, behind the player or in front of the player. The player gets 2 points for each catch and 0 for each miss. | F52: SELECT - Miss, Catch | G52: Separate Entry for each of the 3 fly balls | H52: Selection | I52: 0 Points - 6 Points | K52: 0 | L52: BETWEEN | M52: 4 | N52: 4 | O52: 4 | P52: 4 | Q52: 6 | R52: =$D52 -> FBFLY | S52: =K52 -> 0 | T52: =S52 -> 0 | U52: =M52 -> 4 | V52: =U52 -> 4 | W52: 6 | AA52: =O52 -> 4 | AB52: =P52 -> 4 | AC52: =Q52 -> 6 | AE52: 0 | AF52: BETWEEN | AG52: 4 | AH52: 4 | AI52: 4 | AJ52: 4 | AK52: 6 | AL52: =$D52 -> FBFLY | AM52: =AE52 -> 0 | AN52: =AM52 -> 0 | AO52: =AG52 -> 4 | AP52: =AO52 -> 4 | AQ52: 6 | AU52: =AI52 -> 4 | AV52: =AJ52 -> 4 | AW52: =AK52 -> 6 | AY52: 0 | AZ52: BETWEEN | BA52: 4 | BB52: 4 | BC52: 4 | BD52: 4 | BE52: 6 | BF52: =$D52 -> FBFLY | BG52: =AY52 -> 0 | BH52: =BG52 -> 0 | BI52: =BA52 -> 4 | BJ52: =BI52 -> 4 | BK52: 6 | BO52: =BC52 -> 4 | BP52: =BD52 -> 4 | BQ52: =BE52 -> 6
B53: First Base | C53: Line Drives | D53: FBLD | E53: Hit 3 line drives to the player at first base. The player gets 2 points for a catch and 0 for a miss. | F53: SELECT - Miss, Catch | G53: Separate Entry for each of the 3 Line Drives | H53: Selection | I53: 0 Points - 6 Points | K53: 0 | L53: BETWEEN | M53: 4 | N53: 4 | O53: 4 | P53: 4 | Q53: 6 | R53: =$D53 -> FBLD | S53: =K53 -> 0 | T53: =S53 -> 0 | U53: =M53 -> 4 | V53: =U53 -> 4 | W53: 6 | AA53: =O53 -> 4 | AB53: =P53 -> 4 | AC53: =Q53 -> 6 | AE53: 0 | AF53: BETWEEN | AG53: 4 | AH53: 4 | AI53: 4 | AJ53: 4 | AK53: 6 | AL53: =$D53 -> FBLD | AM53: =AE53 -> 0 | AN53: =AM53 -> 0 | AO53: =AG53 -> 4 | AP53: =AO53 -> 4 | AQ53: 6 | AU53: =AI53 -> 4 | AV53: =AJ53 -> 4 | AW53: =AK53 -> 6 | AY53: 0 | AZ53: BETWEEN | BA53: 4 | BB53: 4 | BC53: 4 | BD53: 4 | BE53: 6 | BF53: =$D53 -> FBLD | BG53: =AY53 -> 0 | BH53: =BG53 -> 0 | BI53: =BA53 -> 4 | BJ53: =BI53 -> 4 | BK53: 6 | BO53: =BC53 -> 4 | BP53: =BD53 -> 4 | BQ53: =BE53 -> 6
B54: First Base Medal Requirements | N54: Must Meet Thresholds for C101B and C1BST | AH54: Must Meet Thresholds for C101B and C1BST | BB54: Must Meet All Category Thresholds
B55: Frist Base Category Totals | D55: 1BSCORE | T55: =SUM(T49:T53) -> 14 | V55: =SUM(V49:V53) -> 43 | W55: =SUM(W49:W53) -> 69 | X55: 50 | Y55: =(T55/W55)*X55 -> 10.144928 | Z55: =(V55/W55)*X55 -> 31.15942 | AA55: =SUM(AA49:AA53) -> 46 | AB55: =SUM(AB49:AB53) -> 51 | AC55: =SUM(AC49:AC53) -> 61 | AN55: =SUM(AN49:AN50) -> 18 | AP55: =SUM(AP49:AP50) -> 29 | AQ55: =SUM(AQ49:AQ53) -> 69 | AR55: 50 | AS55: =(AN55/AQ55)*AR55 -> 13.043478 | AT55: =(AP55/AQ55)*AR55 -> 21.014493 | AU55: =SUM(AU49:AU53) -> 51 | AV55: =SUM(AV49:AV53) -> 56 | AW55: =SUM(AW49:AW53) -> 65 | BH55: =SUM(BH49:BH53) -> 31 | BJ55: =SUM(BJ49:BJ53) -> 51 | BK55: =SUM(BK49:BK53) -> 69 | BL55: 50 | BM55: =(BH55/BK55)*BL55 -> 22.463768 | BN55: =(BJ55/BK55)*BL55 -> 36.956522 | BO55: =SUM(BO49:BO53) -> 55 | BP55: =SUM(BP49:BP53) -> 61 | BQ55: =SUM(BQ49:BQ53) -> 68
B56: Middle Infield (2B, SS, 3B) | C56: R/L/C Grounders 2B | D56: RLCG2B | E56: Hit 6 ground balls to the player at 2B. 2 should be at the player, 2 should make the player move at least 10ft to the right, and 2 should make the player move at least 10ft to the left. The player should not know what direction is coming. The player gets 1 point for fielding the ball cleanly and 2 points if they field it cleanly and hit the target at first base. | F56: SELECT - Right, Center, Left, SELECT - Didn't Field, Fielded but Missed Target, Fielded and Hit Target | G56: Separate Entry for each of the 6 grounders | H56: Multiple Selections | I56: 0 Points - 12 Points | K56: 6 | L56: BETWEEN | M56: 10 | N56: 28 | O56: 30 | P56: 32 | Q56: 34 | R56: =$D56 -> RLCG2B | S56: =K56 -> 6 | T56: =S56 -> 6 | U56: =M56 -> 10 | V56: =U56 -> 10 | W56: 12 | AA56: 10 | AB56: 11 | AC56: 12 | AE56: 7 | AF56: BETWEEN | AG56: 10 | AH56: 30 | AI56: 32 | AJ56: 34 | AK56: 36 | AL56: =$D56 -> RLCG2B | AM56: =AE56 -> 7 | AN56: =AM56 -> 7 | AO56: =AG56 -> 10 | AP56: =AO56 -> 10 | AQ56: 12 | AU56: 11 | AV56: 12 | AW56: 12 | AY56: 8 | AZ56: BETWEEN | BA56: 10 | BB56: 30 | BC56: 33 | BD56: 34 | BE56: 36 | BF56: =$D56 -> RLCG2B | BG56: =AY56 -> 8 | BH56: =BG56 -> 8 | BI56: =BA56 -> 10 | BJ56: =BI56 -> 10 | BK56: 12 | BO56: 11 | BP56: 12 | BQ56: 12
B57: Middle Infield (2B, SS, 3B) | C57: R/L/C Grounders SS | D57: RLCGSS | E57: Hit 6 ground balls to the player at SS. 2 should be at the player, 2 should make the player move at least 10ft to the right, and 2 should make the player move at least 10ft to the left. The player should not know what direction is coming. The player gets 1 point for fielding the ball cleanly and 2 points if they field it cleanly and hit the target at first base. | F57: SELECT - Right, Center, Left, SELECT - Didn't Field, Fielded but Missed Target, Fielded and Hit Target | G57: Separate Entry for each of the 6 grounders | H57: Multiple Selections | I57: 0 Points - 12 Points | K57: 5 | L57: BETWEEN | M57: 9 | R57: =$D57 -> RLCGSS | S57: =K57 -> 5 | T57: =S57 -> 5 | U57: =M57 -> 9 | V57: =U57 -> 9 | W57: 12 | AA57: 10 | AB57: 10 | AC57: 11 | AE57: 6 | AF57: BETWEEN | AG57: 9 | AL57: =$D57 -> RLCGSS | AM57: =AE57 -> 6 | AN57: =AM57 -> 6 | AO57: =AG57 -> 9 | AP57: =AO57 -> 9 | AQ57: 12 | AU57: 10 | AV57: 11 | AW57: 12 | AY57: 7 | AZ57: BETWEEN | BA57: 10 | BF57: =$D57 -> RLCGSS | BG57: =AY57 -> 7 | BH57: =BG57 -> 7 | BI57: =BA57 -> 10 | BJ57: =BI57 -> 10 | BK57: 12 | BO57: 11 | BP57: 11 | BQ57: 12
B58: Middle Infield (2B, SS, 3B) | C58: R/L/C Grounders 3B | D58: RLCG3B | E58: Hit 6 ground balls to the player at 3B. 2 should be at the player, 2 should make the player move at least 10ft to the right, and 2 should make the player move at least 10ft to the left. The player should not know what direction is coming. The player gets 1 point for fielding the ball cleanly and 2 points if they field it cleanly and hit the target at first base. | F58: SELECT - Right, Center, Left, SELECT - Didn't Field, Fielded but Missed Target, Fielded and Hit Target | G58: Separate Entry for each of the 6 grounders | H58: Multiple Selections | I58: 0 Points - 12 Points | K58: 5 | L58: BETWEEN | M58: 9 | R58: =$D58 -> RLCG3B | S58: =K58 -> 5 | T58: =S58 -> 5 | U58: =M58 -> 9 | V58: =U58 -> 9 | W58: 12 | AA58: 10 | AB58: 11 | AC58: 11 | AE58: 6 | AF58: BETWEEN | AG58: 9 | AL58: =$D58 -> RLCG3B | AM58: =AE58 -> 6 | AN58: =AM58 -> 6 | AO58: =AG58 -> 9 | AP58: =AO58 -> 9 | AQ58: 12 | AU58: 11 | AV58: 11 | AW58: 12 | AY58: 7 | AZ58: BETWEEN | BA58: 10 | BF58: =$D58 -> RLCG3B | BG58: =AY58 -> 7 | BH58: =BG58 -> 7 | BI58: =BA58 -> 10 | BJ58: =BI58 -> 10 | BK58: 12 | BO58: 11 | BP58: 11 | BQ58: 12
B59: Middle Infield (2B, SS, 3B) | C59: Infield Fly 2B | D59: CIFF2B | E59: Hit 3 fly balls to the player at 2B. These should be within a 20ft radius around the player. The player gets 0 points for a miss and 2 points for a catch. | F59: SELECT - Miss, Catch | G59: Separate Entry for each of the 3 fly balls | H59: Selection | I59: 0 Points - 6 Points | K59: 0 | L59: BETWEEN | M59: 4 | N59: 13 | O59: 14 | P59: 15 | Q59: 16 | R59: =$D59 -> CIFF2B | S59: =K59 -> 0 | T59: =S59 -> 0 | U59: =M59 -> 4 | V59: =U59 -> 4 | W59: 6 | AA59: 5 | AB59: 5 | AC59: 6 | AE59: 0 | AF59: BETWEEN | AG59: 4 | AH59: 13 | AI59: 14 | AJ59: 15 | AK59: 17 | AL59: =$D59 -> CIFF2B | AM59: =AE59 -> 0 | AN59: =AM59 -> 0 | AO59: =AG59 -> 4 | AP59: =AO59 -> 4 | AQ59: 6 | AU59: 5 | AV59: 5 | AW59: 6 | AY59: 0 | AZ59: BETWEEN | BA59: 4 | BB59: 12 | BC59: 16 | BD59: 17 | BE59: 18 | BF59: =$D59 -> CIFF2B | BG59: =AY59 -> 0 | BH59: =BG59 -> 0 | BI59: =BA59 -> 4 | BJ59: =BI59 -> 4 | BK59: 6 | BO59: 6 | BP59: 6 | BQ59: 6
B60: Middle Infield (2B, SS, 3B) | C60: Infield Fly SS | D60: CIFFSS | E60: Hit 3 fly balls to the player at SS. These should be within a 20ft radius around the player. The player gets 0 points for a miss and 2 points for a catch. | F60: SELECT - Miss, Catch | G60: Separate Entry for each of the 3 fly balls | H60: Selection | I60: 0 Points - 6 Points | K60: 0 | L60: BETWEEN | M60: 4 | R60: =$D60 -> CIFFSS | S60: =K60 -> 0 | T60: =S60 -> 0 | U60: =M60 -> 4 | V60: =U60 -> 4 | W60: 6 | AA60: 5 | AB60: 5 | AC60: 5 | AE60: 0 | AF60: BETWEEN | AG60: 4 | AL60: =$D60 -> CIFFSS | AM60: =AE60 -> 0 | AN60: =AM60 -> 0 | AO60: =AG60 -> 4 | AP60: =AO60 -> 4 | AQ60: 6 | AU60: 5 | AV60: 5 | AW60: 6 | AY60: 0 | AZ60: BETWEEN | BA60: 4 | BF60: =$D60 -> CIFFSS | BG60: =AY60 -> 0 | BH60: =BG60 -> 0 | BI60: =BA60 -> 4 | BJ60: =BI60 -> 4 | BK60: 6 | BO60: 5 | BP60: 5 | BQ60: 6
B61: Middle Infield (2B, SS, 3B) | C61: Infield Fly 3B | D61: CIFF3B | E61: Hit 3 fly balls to the player at 3B. These should be within a 20ft radius around the player. The player gets 0 points for a miss and 2 points for a catch. | F61: SELECT - Miss, Catch | G61: Separate Entry for each of the 3 fly balls | H61: Selection | I61: 0 Points - 6 Points | K61: 0 | L61: BETWEEN | M61: 4 | R61: =$D61 -> CIFF3B | S61: =K61 -> 0 | T61: =S61 -> 0 | U61: =M61 -> 4 | V61: =U61 -> 4 | W61: 6 | AA61: 4 | AB61: 5 | AC61: 5 | AE61: 0 | AF61: BETWEEN | AG61: 4 | AL61: =$D61 -> CIFF3B | AM61: =AE61 -> 0 | AN61: =AM61 -> 0 | AO61: =AG61 -> 4 | AP61: =AO61 -> 4 | AQ61: 6 | AU61: 4 | AV61: 5 | AW61: 5 | AY61: 0 | AZ61: BETWEEN | BA61: 4 | BF61: =$D61 -> CIFF3B | BG61: =AY61 -> 0 | BH61: =BG61 -> 0 | BI61: =BA61 -> 4 | BJ61: =BI61 -> 4 | BK61: 6 | BO61: 5 | BP61: 6 | BQ61: 6
B62: Middle Infield (2B, SS, 3B) | C62: Line Drives 2B | D62: CLD2B | E62: Hit 3 Line Drives to the player at 2B. These should make the player move inside a 10ft radius. The player gets 0 points for a miss and 2 points for a catch. | F62: SELECT - Miss, Catch | G62: Separate Entry for each of the 3 Line Drives | H62: Selection | I62: 0 Points - 6 Points | K62: 0 | L62: BETWEEN | M62: 4 | N62: 13 | O62: 14 | P62: 15 | Q62: 16 | R62: =$D62 -> CLD2B | S62: =K62 -> 0 | T62: =S62 -> 0 | U62: =M62 -> 4 | V62: =U62 -> 4 | W62: 6 | AA62: 5 | AB62: 5 | AC62: 6 | AE62: 0 | AF62: BETWEEN | AG62: 4 | AH62: 13 | AI62: 14 | AJ62: 15 | AK62: 17 | AL62: =$D62 -> CLD2B | AM62: =AE62 -> 0 | AN62: =AM62 -> 0 | AO62: =AG62 -> 4 | AP62: =AO62 -> 4 | AQ62: 6 | AU62: 5 | AV62: 5 | AW62: 6 | AY62: 0 | AZ62: BETWEEN | BA62: 4 | BB62: 12 | BC62: 16 | BD62: 17 | BE62: 18 | BF62: =$D62 -> CLD2B | BG62: =AY62 -> 0 | BH62: =BG62 -> 0 | BI62: =BA62 -> 4 | BJ62: =BI62 -> 4 | BK62: 6 | BO62: 6 | BP62: 6 | BQ62: 6
B63: Middle Infield (2B, SS, 3B) | C63: Line Drives SS | D63: CLDSS | E63: Hit 3 Line Drives to the player at SS. These should make the player move inside a 10ft radius. The player gets 0 points for a miss and 2 points for a catch. | F63: SELECT - Miss, Catch | G63: Separate Entry for each of the 3 Line Drives | H63: Selection | I63: 0 Points - 6 Points | K63: 0 | L63: BETWEEN | M63: 4 | R63: =$D63 -> CLDSS | S63: =K63 -> 0 | T63: =S63 -> 0 | U63: =M63 -> 4 | V63: =U63 -> 4 | W63: 6 | AA63: 5 | AB63: 5 | AC63: 5 | AE63: 0 | AF63: BETWEEN | AG63: 4 | AL63: =$D63 -> CLDSS | AM63: =AE63 -> 0 | AN63: =AM63 -> 0 | AO63: =AG63 -> 4 | AP63: =AO63 -> 4 | AQ63: 6 | AU63: 5 | AV63: 5 | AW63: 6 | AY63: 0 | AZ63: BETWEEN | BA63: 4 | BF63: =$D63 -> CLDSS | BG63: =AY63 -> 0 | BH63: =BG63 -> 0 | BI63: =BA63 -> 4 | BJ63: =BI63 -> 4 | BK63: 6 | BO63: 5 | BP63: 5 | BQ63: 6
B64: Middle Infield (2B, SS, 3B) | C64: Line Drives 3B | D64: CLD3B | E64: Hit 3 Line Drives to the player at 3B. These should make the player move inside a 10ft radius. The player gets 0 points for a miss and 2 points for a catch. | F64: SELECT - Miss, Catch | G64: Separate Entry for each of the 3 Line Drives | H64: Selection | I64: 0 Points - 6 Points | K64: 0 | L64: BETWEEN | M64: 4 | R64: =$D64 -> CLD3B | S64: =K64 -> 0 | T64: =S64 -> 0 | U64: =M64 -> 4 | V64: =U64 -> 4 | W64: 6 | AA64: 4 | AB64: 5 | AC64: 5 | AE64: 0 | AF64: BETWEEN | AG64: 4 | AL64: =$D64 -> CLD3B | AM64: =AE64 -> 0 | AN64: =AM64 -> 0 | AO64: =AG64 -> 4 | AP64: =AO64 -> 4 | AQ64: 6 | AU64: 4 | AV64: 5 | AW64: 5 | AY64: 0 | AZ64: BETWEEN | BA64: 4 | BF64: =$D64 -> CLD3B | BG64: =AY64 -> 0 | BH64: =BG64 -> 0 | BI64: =BA64 -> 4 | BJ64: =BI64 -> 4 | BK64: 6 | BO64: 5 | BP64: 6 | BQ64: 6
B65: Middle Infield (2B, SS, 3B) | C65: SS to First Time | D65: IFSS1BT | E65: Hit a ball or use a machine to send a ball to a player at shortstop. The ball should be approximately 45 MPH. Time the player from the moment the balll leaves the bat to the time the ball reaches First Base. | F65: INPUT with Optional Stopwatch | H65: Time - Seconds to the hundreth | I65: .5 seconds - 8 seconds | K65: 3.75 | L65: BETWEEN | M65: 3.25 | N65: 3.25 | O65: 3.1 | P65: 3 | Q65: 2.9 | R65: (10-IFSS1BT)*2 | S65: =K65 -> 3.75 | T65: =(10-S65)*2 -> 12.5 | U65: =M65 -> 3.25 | V65: =(10-U65)*2 -> 13.5 | W65: =(10-2.75)*2 -> 14.5 | AA65: =(10-O65)*2 -> 13.8 | AB65: =(10-P65)*2 -> 14 | AC65: =(10-Q65)*2 -> 14.2 | AE65: 3.75 | AF65: BETWEEN | AG65: 3.25 | AH65: 3.25 | AI65: 3.1 | AJ65: 3 | AK65: 2.9 | AL65: (10-IFSS1BT)*2 | AM65: =AE65 -> 3.75 | AN65: =(10-AM65)*2 -> 12.5 | AO65: =AG65 -> 3.25 | AP65: =(10-AO65)*2 -> 13.5 | AQ65: =(10-2.75)*2 -> 14.5 | AU65: =(10-AI65)*2 -> 13.8 | AV65: =(10-AJ65)*2 -> 14 | AW65: =(10-AK65)*2 -> 14.2 | AY65: 3.75 | AZ65: BETWEEN | BA65: 3.25 | BB65: 3.25 | BC65: 3.1 | BD65: 3 | BE65: 2.9 | BF65: (10-IFSS1BT)*2 | BG65: =AY65 -> 3.75 | BH65: =(10-BG65)*2 -> 12.5 | BI65: =BA65 -> 3.25 | BJ65: =(10-BI65)*2 -> 13.5 | BK65: =(10-1)*2 -> 18 | BO65: =(10-BC65)*2 -> 13.8 | BP65: =(10-BD65)*2 -> 14 | BQ65: =(10-BE65)*2 -> 14.2
B66: Infield Medal Requirements | N66: Must Meet All Category Thresholds | AH66: Must Meet All Category Thresholds | BB66: Must Meet All Category Thresholds
B67: Infield Category Totals | D67: IFSCORE | T67: =SUM(T56:T65) -> 28.5 | V67: =SUM(V56:V65) -> 65.5 | W67: =SUM(W56:W65) -> 86.5 | X67: 50 | Y67: =(T67/W67)*X67 -> 16.473988 | Z67: =(V67/W67)*X67 -> 37.861272 | AA67: =SUM(AA56:AA65) -> 71.8 | AB67: =SUM(AB56:AB65) -> 76 | AC67: =SUM(AC56:AC65) -> 80.2 | AN67: =SUM(AN56:AN65) -> 31.5 | AP67: =SUM(AP56:AP65) -> 65.5 | AQ67: =SUM(AQ56:AQ65) -> 86.5 | AR67: 50 | AS67: =(AN67/AQ67)*AR67 -> 18.208092 | AT67: =(AP67/AQ67)*AR67 -> 37.861272 | AU67: =SUM(AU56:AU65) -> 73.8 | AV67: =SUM(AV56:AV65) -> 78 | AW67: =SUM(AW56:AW65) -> 84.2 | BH67: =SUM(BH56:BH65) -> 34.5 | BJ67: =SUM(BJ56:BJ65) -> 67.5 | BK67: =SUM(BK56:BK65) -> 90 | BL67: 50 | BM67: =(BH67/BK67)*BL67 -> 19.166667 | BN67: =(BJ67/BK67)*BL67 -> 37.5 | BO67: =SUM(BO56:BO65) -> 78.8 | BP67: =SUM(BP56:BP65) -> 82 | BQ67: =SUM(BQ56:BQ65) -> 86.2
B68: Outfield | C68: 30 X 30 Matrix | D68: C30X30M | E68: Set up a 20 yard radius around the player. Hit 10 fly balls to the player at varied points around the coverage area from 50 yards. The player gets 2 points for each catch and 0 for each miss. | F68: SELECT - Miss, Catch | G68: Separate Entry for each of the 10 fly balls | H68: Selection | I68: 0 Points - 20 Points | K68: 8 | L68: BETWEEN | M68: 12 | N68: 12 | O68: 14 | P68: 16 | Q68: 18 | R68: =$D68 -> C30X30M | S68: =K68 -> 8 | T68: =S68 -> 8 | U68: =M68 -> 12 | V68: =U68 -> 12 | W68: 20 | AA68: =O68 -> 14 | AB68: =P68 -> 16 | AC68: =Q68 -> 18 | AE68: 8 | AF68: BETWEEN | AG68: 14 | AH68: 14 | AI68: 15 | AJ68: 16 | AK68: 18 | AL68: =$D68 -> C30X30M | AM68: =AE68 -> 8 | AN68: =AM68 -> 8 | AO68: =AG68 -> 14 | AP68: =AO68 -> 14 | AQ68: 20 | AU68: =AI68 -> 15 | AV68: =AJ68 -> 16 | AW68: =AK68 -> 18 | AY68: 10 | AZ68: BETWEEN | BA68: 14 | BB68: 14 | BC68: 16 | BD68: 18 | BE68: 20 | BF68: =$D68 -> C30X30M | BG68: =AY68 -> 10 | BH68: =BG68 -> 10 | BI68: =BA68 -> 14 | BJ68: =BI68 -> 14 | BK68: 20 | BO68: =BC68 -> 16 | BP68: =BD68 -> 18 | BQ68: =BE68 -> 20
B69: Outfield | C69: 120ft throw to target | D69: T120FT | E69: Set up a pitching target at 120ft from the player. Have the player make 5 throws at the target. The player can get a running start as long as they don't move in front of the 120ft marker. The player gets 0 points for a throw that comes up more than 10 ft short of the target, 1 point for a throw that lands between 10ft and the target, 2 points for a throw that lands at or past the target but misses, and 4 points for each throw that hits the target. | F69: SELECT - >10ft Short, Lands short but misses the target, Bounces into the Target, Lands at or Past the Target, Hits the Target | G69: Separate Entry for each of the 5 throws | H69: Selection | I69: 0 Points - 20 Points | K69: 8 | L69: BETWEEN | M69: 12 | N69: 12 | O69: 13 | P69: 14 | Q69: 15 | R69: =$D69 -> T120FT | S69: =K69 -> 8 | T69: =S69 -> 8 | U69: =M69 -> 12 | V69: =U69 -> 12 | W69: 20 | AA69: =O69 -> 13 | AB69: =P69 -> 14 | AC69: =Q69 -> 15 | AE69: 8 | AF69: BETWEEN | AG69: 14 | AH69: 14 | AI69: 15 | AJ69: 16 | AK69: 18 | AL69: =$D69 -> T120FT | AM69: =AE69 -> 8 | AN69: =AM69 -> 8 | AO69: =AG69 -> 14 | AP69: =AO69 -> 14 | AQ69: 20 | AU69: =AI69 -> 15 | AV69: =AJ69 -> 16 | AW69: =AK69 -> 18 | AY69: 10 | AZ69: BETWEEN | BA69: 14 | BB69: 14 | BC69: 16 | BD69: 18 | BE69: 20 | BF69: =$D69 -> T120FT | BG69: =AY69 -> 10 | BH69: =BG69 -> 10 | BI69: =BA69 -> 14 | BJ69: =BI69 -> 14 | BK69: 20 | BO69: =BC69 -> 16 | BP69: =BD69 -> 18 | BQ69: =BE69 -> 20
B70: Outfield | C70: Ground ball to home time | D70: OFGBHT | E70: Have the player set up 180 ft from home plate in either left or right field. Hit a ground ball with 60 mph exit velo at the player. Time the player from the moment the ball is hit or sent and when the ball crosses the area around home plate. | F70: INPUT with Optional Stopwatch | H70: Time - Seconds to the hundreth | I70: 2 seconds - 12 seconds | K70: 7 | L70: BETWEEN | M70: 5.75 | N70: 5.75 | O70: 5.5 | P70: 5.3 | Q70: 5.1 | R70: (12-OFGBHT)*2 | S70: =K70 -> 7 | T70: =(12-S70)*2 -> 10 | U70: =M70 -> 5.75 | V70: =(12-U70)*2 -> 12.5 | W70: 15 | AA70: =(12-O70)*2 -> 13 | AB70: =(12-P70)*2 -> 13.4 | AC70: =(12-Q70)*2 -> 13.8 | AE70: 7 | AF70: BETWEEN | AG70: 5.75 | AH70: 5.75 | AI70: 5.5 | AJ70: 5.3 | AK70: 5.1 | AL70: (12-OFGBHT)*2 | AM70: =AE70 -> 7 | AN70: =(12-AM70)*2 -> 10 | AO70: =AG70 -> 5.75 | AP70: =(12-AO70)*2 -> 12.5 | AQ70: 15 | AU70: =(12-AI70)*2 -> 13 | AV70: =(12-AJ70)*2 -> 13.4 | AW70: =(12-AK70)*2 -> 13.8 | AY70: 6 | AZ70: BETWEEN | BA70: 5.5 | BB70: 5.5 | BC70: 5.25 | BD70: 5.15 | BE70: 5 | BF70: (12-OFGBHT)*2 | BG70: =AY70 -> 6 | BH70: =(12-BG70)*2 -> 12 | BI70: =BA70 -> 5.5 | BJ70: =(12-BI70)*2 -> 13 | BK70: 16 | BO70: =(12-BC70)*2 -> 13.5 | BP70: =(12-BD70)*2 -> 13.7 | BQ70: =(12-BE70)*2 -> 14
B71: Outfield Medal Requirements | N71: Must Meet All Category Thresholds | AH71: Must Meet All Category Thresholds | BB71: Must Meet All Category Thresholds
B72: Outfield Category Totals | D72: OFSCORE | T72: =SUM(T68:T70) -> 26 | V72: =SUM(V68:V70) -> 36.5 | W72: =SUM(W68:W70) -> 55 | X72: 50 | Y72: =(T72/W72)*X72 -> 23.636364 | Z72: =(V72/W72)*X72 -> 33.181818 | AA72: =SUM(AA68:AA70) -> 40 | AB72: =SUM(AB68:AB70) -> 43.4 | AC72: =SUM(AC68:AC70) -> 46.8 | AN72: =SUM(AN68:AN70) -> 26 | AP72: =SUM(AP68:AP70) -> 40.5 | AQ72: =SUM(AQ68:AQ70) -> 55 | AR72: 50 | AS72: =(AN72/AQ72)*AR72 -> 23.636364 | AT72: =(AP72/AQ72)*AR72 -> 36.818182 | AU72: =SUM(AU68:AU70) -> 43 | AV72: =SUM(AV68:AV70) -> 45.4 | AW72: =SUM(AW68:AW70) -> 49.8 | BH72: =SUM(BH68:BH70) -> 32 | BJ72: =SUM(BJ68:BJ70) -> 41 | BK72: =SUM(BK68:BK70) -> 56 | BL72: 50 | BM72: =(BH72/BK72)*BL72 -> 28.571429 | BN72: =(BJ72/BK72)*BL72 -> 36.607143 | BO72: =SUM(BO68:BO70) -> 45.5 | BP72: =SUM(BP68:BP70) -> 49.7 | BQ72: =SUM(BQ68:BQ70) -> 54
S74: Totals | T74: =SUM(T72,T67,T55,T48,T43,T35,T26) -> 363.15 | V74: =SUM(V72,V67,V55,V48,V43,V35,V26) -> 563.84812 | W74: =SUM(W72,W67,W55,W48,W43,W35,W26) -> 898 | X74: =SUM(X72,X67,X55,X48,X43,X35,X26) -> 350 | Y74: =SUM(Y72,Y67,Y55,Y48,Y43,Y35,Y26) -> 132.39325 | Z74: =SUM(Z72,Z67,Z55,Z48,Z43,Z35,Z26) -> 224.76861 | AA74: =SUM(AA72,AA67,AA55,AA48,AA43,AA35,AA26) -> 630.15476 | AB74: =SUM(AB72,AB67,AB55,AB48,AB43,AB35,AB26) -> 680.3641 | AC74: =SUM(AC72,AC67,AC55,AC48,AC43,AC35,AC26) -> 736.95614 | AM74: Totals | AN74: =SUM(AN72,AN67,AN55,AN48,AN43,AN35,AN26) -> 413.05969 | AP74: =SUM(AP72,AP67,AP55,AP48,AP43,AP35,AP26) -> 597.35443 | AQ74: =SUM(AQ72,AQ67,AQ55,AQ48,AQ43,AQ35,AQ26) -> 900.5 | AR74: =SUM(AR72,AR67,AR55,AR48,AR43,AR35,AR26) -> 350 | AS74: =SUM(AS72,AS67,AS55,AS48,AS43,AS35,AS26) -> 149.32424 | AT74: =SUM(AT72,AT67,AT55,AT48,AT43,AT35,AT26) -> 228.54691 | AU74: =SUM(AU72,AU67,AU55,AU48,AU43,AU35,AU26) -> 675.34596 | AV74: =SUM(AV72,AV67,AV55,AV48,AV43,AV35,AV26) -> 721.04545 | AW74: =SUM(AW72,AW67,AW55,AW48,AW43,AW35,AW26) -> 790.71659 | BG74: Totals | BH74: =SUM(BH72,BH67,BH55,BH48,BH43,BH35,BH26) -> 485.62518 | BJ74: =SUM(BJ72,BJ67,BJ55,BJ48,BJ43,BJ35,BJ26) -> 668.5391 | BK74: =SUM(BK72,BK67,BK55,BK48,BK43,BK35,BK26) -> 942.5 | BL74: =SUM(BL72,BL67,BL55,BL48,BL43,BL35,BL26) -> 350 | BM74: =SUM(BM72,BM67,BM55,BM48,BM43,BM35,BM26) -> 174.88107 | BN74: =SUM(BN72,BN67,BN55,BN48,BN43,BN35,BN26) -> 252.05699 | BO74: =SUM(BO72,BO67,BO55,BO48,BO43,BO35,BO26) -> 738.61905 | BP74: =SUM(BP72,BP67,BP55,BP48,BP43,BP35,BP26) -> 795.33869 | BQ74: =SUM(BQ72,BQ67,BQ55,BQ48,BQ43,BQ35,BQ26) -> 867.24762
X76: Medal Percentiles | AR76: Medal Percentiles | BL76: Medal Percentiles
T77: RED | U77: YELLOW | V77: GREEN | X77: Bronze | Y77: SILVER | Z77: GOLD | AA77: PLAT | AN77: RED | AO77: YELLOW | AP77: GREEN | AR77: Bronze | AS77: SILVER | AT77: GOLD | AU77: PLAT | BH77: RED | BI77: YELLOW | BJ77: GREEN | BL77: Bronze | BM77: SILVER | BN77: GOLD | BO77: PLAT
S78: HS Overall Player Score | T78: =(T74/W74)*X74 -> 141.53953 | U78: BETWEEN | V78: =(V74/W74)*X74 -> 219.76263 | X78: =V26/W26 -> 0.61338726 | Y78: =AA74/W74 -> 0.70173136 | Z78: =AB74/W74 -> 0.75764377 | AA78: =AC74/W74 -> 0.82066385 | AM78: COLL Overall Player Score | AN78: =(AN74/AQ74)*AR74 -> 160.54513 | AO78: BETWEEN | AP78: =(AP74/AQ74)*AR74 -> 232.17551 | AR78: =AP26/AQ26 -> 0.68483461 | AS78: =AU74/AQ74 -> 0.74996775 | AT78: =AV74/AQ74 -> 0.80071677 | AU78: =AW74/AQ74 -> 0.87808617 | BG78: PRO Overall Player Score | BH78: =(BH74/BK74)*BL74 -> 180.33826 | BI78: BETWEEN | BJ78: =(BJ74/BK74)*BL74 -> 248.26386 | BL78: =BJ26/BK26 -> 0.69080619 | BM78: =BO74/BK74 -> 0.78368069 | BN78: =BP74/BK74 -> 0.84386068 | BO78: =BQ74/BK74 -> 0.92015662
S80: HS Athletic Skills Ranges | T80: =Y26 -> 22.991071 | U80: BETWEEN | V80: =Z26 -> 30.669363 | X80: =V35/W35 -> 0.56446541 | Y80: =AA26/$W$26 -> 0.68870465 | Z80: =AB26/$W$26 -> 0.74275031 | AA80: =AC26/$W$26 -> 0.8004647 | AM80: COLL Athletic Skills Ranges | AN80: =AS26 -> 25.358585 | AO80: BETWEEN | AP80: =AT26 -> 34.241731 | AR80: =AP35/AQ35 -> 0.64308176 | AS80: =AU26/$AQ$26 -> 0.76025584 | AT80: =AV26/$AQ$26 -> 0.81263528 | AU80: =AW26/$AQ$26 -> 0.87787677 | BG80: PRO Athletic Skills Ranges | BH80: =BM26 -> 26.748676 | BI80: BETWEEN | BJ80: =BN26 -> 34.54031 | BL80: =BJ35/BK35 -> 0.68396226 | BM80: =BO26/$BK$26 -> 0.76312412 | BN80: =BP26/$BK$26 -> 0.82072423 | BO80: =BQ26/$BK$26 -> 0.89635477
S82: HS Hitting Skills Ranges | T82: =Y35 -> 19.575472 | U82: BETWEEN | V82: =Z35 -> 28.22327 | X82: =V43/W43 -> 0.64489796 | Y82: =AA35/$W$35 -> 0.66194969 | Z82: =AB35/$W$35 -> 0.70440252 | AA82: =AC35/$W$35 -> 0.74842767 | AM82: COLL Hitting Skills Ranges | AN82: =AS35 -> 23.506289 | AO82: BETWEEN | AP82: =AT35 -> 32.154088 | AR82: =AP43/AQ43 -> 0.672 | AS82: =AU35/$AQ$35 -> 0.68805031 | AT82: =AV35/$AQ$35 -> 0.73962264 | AU82: =AW35/$AQ$35 -> 0.80345912 | BG82: PRO Hitting Skills Ranges | BH82: =BM35 -> 25.235849 | BI82: BETWEEN | BJ82: =BN35 -> 34.198113 | BL82: =BJ43/BK43 -> 0.74509804 | BM82: =BO35/$BK$35 -> 0.74213836 | BN82: =BP35/$BK$35 -> 0.78773585 | BO82: =BQ35/$BK$35 -> 0.87106918
S84: HS Pitcher Skills Ranges | T84: =Y43 -> 21.428571 | U84: BETWEEN | V84: =Z43 -> 32.244898 | X84: =V48/W48 -> 0.62857143 | Y84: =AA43/$W$43 -> 0.70612245 | Z84: =AB43/$W$43 -> 0.76734694 | AA84: =AC43/$W$43 -> 0.8244898 | AM84: COLL Pitcher Skills Ranges | AN84: =AS43 -> 26 | AO84: BETWEEN | AP84: =AT43 -> 33.6 | AR84: =AP48/AQ48 -> 0.65714286 | AS84: =AU43/$AQ$43 -> 0.732 | AT84: =AV43/$AQ$43 -> 0.792 | AU84: =AW43/$AQ$43 -> 0.84 | BG84: PRO Pitcher Skills Ranges | BH84: =BM43 -> 30.980392 | BI84: BETWEEN | BJ84: =BN43 -> 37.254902 | BL84: =BJ48/BK48 -> 0.7 | BM84: =BO43/$BK$43 -> 0.80784314 | BN84: =BP43/$BK$43 -> 0.86666667 | BO84: =BQ43/$BK$43 -> 0.94117647
S86: HS Catcher Skills Ranges | T86: =Y48 -> 18.142857 | U86: BETWEEN | V86: =Z48 -> 31.428571 | X86: =V48/W48 -> 0.62857143 | Y86: =AA48/$W$48 -> 0.70285714 | Z86: =AB48/$W$48 -> 0.77714286 | AA86: =AC48/$W$48 -> 0.85714286 | AM86: COLL Catcher Skills Ranges | AN86: =AS48 -> 19.571429 | AO86: BETWEEN | AP86: =AT48 -> 32.857143 | AR86: =AP48/AQ48 -> 0.65714286 | AS86: =AU48/$AQ$48 -> 0.73142857 | AT86: =AV48/$AQ$48 -> 0.74285714 | AU86: =AW48/$AQ$48 -> 0.91428571 | BG86: PRO Catcher Skills Ranges | BH86: =BM48 -> 21.714286 | BI86: BETWEEN | BJ86: =BN48 -> 35 | BL86: =BJ48/BK48 -> 0.7 | BM86: =BO48/$BK$48 -> 0.78857143 | BN86: =BP48/$BK$48 -> 0.89142857 | BO86: =BQ48/$BK$48 -> 0.97142857
S88: HS First Base Skills Ranges | T88: =Y55 -> 10.144928 | U88: BETWEEN | V88: =Z55 -> 31.15942 | X88: =V55/W55 -> 0.62318841 | Y88: =AA55/$W$55 -> 0.66666667 | Z88: =AB55/$W$55 -> 0.73913043 | AA88: =AC55/$W$55 -> 0.88405797 | AM88: COLL First Base Skills Ranges | AN88: =AS55 -> 13.043478 | AO88: BETWEEN | AP88: =AT55 -> 21.014493 | AR88: =AP55/AQ55 -> 0.42028986 | AS88: =AU55/$AQ$55 -> 0.73913043 | AT88: =AV55/$AQ$55 -> 0.8115942 | AU88: =AW55/$AQ$55 -> 0.94202899 | BG88: PRO First Base Skills Ranges | BH88: =BM55 -> 22.463768 | BI88: BETWEEN | BJ88: =BN55 -> 36.956522 | BL88: =BJ55/BK55 -> 0.73913043 | BM88: =BO55/$BK$55 -> 0.79710145 | BN88: =BP55/$BK$55 -> 0.88405797 | BO88: =BQ55/$BK$55 -> 0.98550725
S90: HS Infield Skills Ranges | T90: =Y67 -> 16.473988 | U90: BETWEEN | V90: =Z67 -> 37.861272 | X90: =V67/W67 -> 0.75722543 | Y90: =AA67/$W$67 -> 0.8300578 | Z90: =AB67/$W$67 -> 0.87861272 | AA90: =AC67/$W$67 -> 0.92716763 | AM90: COLL Infield Skills Ranges | AN90: =AS67 -> 18.208092 | AO90: BETWEEN | AP90: =AT67 -> 37.861272 | AR90: =AP67/AQ67 -> 0.75722543 | AS90: =AU67/$AQ$67 -> 0.85317919 | AT90: =AV67/$AQ$67 -> 0.9017341 | AU90: =AW67/$AQ$67 -> 0.9734104 | BG90: PRO Infield Skills Ranges | BH90: =BM67 -> 19.166667 | BI90: BETWEEN | BJ90: =BN67 -> 37.5 | BL90: =BJ67/BK67 -> 0.75 | BM90: =BO67/$BK$67 -> 0.87555556 | BN90: =BP67/$BK$67 -> 0.91111111 | BO90: =BQ67/$BK$67 -> 0.95777778
S92: HS Outfield Skills Ranges | T92: =Y72 -> 23.636364 | U92: BETWEEN | V92: =Z72 -> 33.181818 | X92: =V72/W72 -> 0.66363636 | Y92: =AA72/$W$72 -> 0.72727273 | Z92: =AB72/$W$72 -> 0.78909091 | AA92: =AC72/$W$72 -> 0.85090909 | AM92: COLL Outfield Skills Ranges | AN92: =AS72 -> 23.636364 | AO92: BETWEEN | AP92: =AT72 -> 36.818182 | AR92: =AP72/AQ72 -> 0.73636364 | AS92: =AU72/$AQ$72 -> 0.78181818 | AT92: =AV72/$AQ$72 -> 0.82545455 | AU92: =AW72/$AQ$72 -> 0.90545455 | BG92: PRO Outfield Skills Ranges | BH92: =BM72 -> 28.571429 | BI92: BETWEEN | BJ92: =BN72 -> 36.607143 | BL92: =BJ72/BK72 -> 0.73214286 | BM92: =BO72/$BK$72 -> 0.8125 | BN92: =BP72/$BK$72 -> 0.8875 | BO92: =BQ72/$BK$72 -> 0.96428571
Q94: Position Scores | R94: Tests Used | S94: Definitions | AK94: Position Scores | AL94: Tests Used | AM94: Definitions | BE94: Position Scores | BF94: Tests Used | BG94: Definitions
Q95: Pitcher | R95: Pitcher Eval | S95: PITCHSCORE | T95: =T43/W43 -> 0.42857143 | U95: BETWEEN | V95: =V43/W43 -> 0.64489796 | X95: =X84 -> 0.62857143 | Y95: =Y84 -> 0.70612245 | Z95: =Z84 -> 0.76734694 | AA95: =AA84 -> 0.8244898 | AK95: Pitcher | AL95: Pitcher Eval | AM95: PITCHSCORE | AN95: =AN43/AQ43 -> 0.52 | AO95: BETWEEN | AP95: =AP43/AQ43 -> 0.672 | AR95: =AR84 -> 0.65714286 | AS95: =AS84 -> 0.732 | AT95: =AT84 -> 0.792 | AU95: =AU84 -> 0.84 | BE95: Pitcher | BF95: Pitcher Eval | BG95: PITCHSCORE | BH95: =BH43/BK43 -> 0.61960784 | BI95: BETWEEN | BJ95: =BJ43/BK43 -> 0.74509804 | BL95: =BL84 -> 0.7 | BM95: =BM84 -> 0.80784314 | BN95: =BN84 -> 0.86666667 | BO95: =BO84 -> 0.94117647
Q96: Catcher | R96: Catcher Eval | S96: CATCHERSCORE | T96: =T48/W48 -> 0.36285714 | U96: BETWEEN | V96: =V48/W48 -> 0.62857143 | X96: =X86 -> 0.62857143 | Y96: =Y86 -> 0.70285714 | Z96: =Z86 -> 0.77714286 | AA96: =AA86 -> 0.85714286 | AK96: Catcher | AL96: Catcher Eval | AM96: CATCHERSCORE | AN96: =AN48/AQ48 -> 0.39142857 | AO96: BETWEEN | AP96: =AP48/AQ48 -> 0.65714286 | AR96: =AR86 -> 0.65714286 | AS96: =AS86 -> 0.73142857 | AT96: =AT86 -> 0.74285714 | AU96: =AU86 -> 0.91428571 | BE96: Catcher | BF96: Catcher Eval | BG96: CATCHERSCORE | BH96: =BH48/BK48 -> 0.43428571 | BI96: BETWEEN | BJ96: =BJ48/BK48 -> 0.7 | BL96: =BL86 -> 0.7 | BM96: =BM86 -> 0.78857143 | BN96: =BN86 -> 0.89142857 | BO96: =BO86 -> 0.97142857
Q97: Firstbase | R97: Firstbase Eval | S97: 1BSCORE | T97: =T55/W55 -> 0.20289855 | U97: BETWEEN | V97: =V55/W55 -> 0.62318841 | X97: =X88 -> 0.62318841 | Y97: =Y88 -> 0.66666667 | Z97: =Z88 -> 0.73913043 | AA97: =AA88 -> 0.88405797 | AK97: Firstbase | AL97: Firstbase Eval | AM97: 1BSCORE | AN97: =AN55/AQ55 -> 0.26086957 | AO97: BETWEEN | AP97: =AP55/AQ55 -> 0.42028986 | AR97: =AR88 -> 0.42028986 | AS97: =AS88 -> 0.73913043 | AT97: =AT88 -> 0.8115942 | AU97: =AU88 -> 0.94202899 | BE97: Firstbase | BF97: Firstbase Eval | BG97: 1BSCORE | BH97: =BH55/BK55 -> 0.44927536 | BI97: BETWEEN | BJ97: =BJ55/BK55 -> 0.73913043 | BL97: =BL88 -> 0.73913043 | BM97: =BM88 -> 0.79710145 | BN97: =BN88 -> 0.88405797 | BO97: =BO88 -> 0.98550725
Q99: 2B | R99: Infield Eval, RLC2B, SS1BT | S99: 2BSCORE | T99: =(T67+T56+T65)/(W67+W65+W56) -> 0.4159292 | U99: BETWEEN | V99: =(V67+V65+V56)/(W56+W65+W67) -> 0.78761062 | X99: =V99 -> 0.78761062 | Y99: =(AA67+AA65+AA56)/(W67+W65+W56) -> 0.8460177 | Z99: =(AB67+AB65+AB56)/(W67+W65+W56) -> 0.89380531 | AA99: =(AC67+AC65+AC56)/(W67+W65+W56) -> 0.94159292 | AK99: 2B | AL99: Infield Eval, RLC2B, SS1BT | AM99: 2BSCORE | AN99: =(AN67+AN56+AN65)/(AQ67+AQ65+AQ56) -> 0.45132743 | AO99: BETWEEN | AP99: =(AP67+AP65+AP56)/(AQ56+AQ65+AQ67) -> 0.78761062 | AR99: =AP99 -> 0.78761062 | AS99: =(AU67+AU65+AU56)/(AQ67+AQ65+AQ56) -> 0.87256637 | AT99: =(AV67+AV65+AV56)/(AQ67+AQ65+AQ56) -> 0.92035398 | AU99: =(AW67+AW65+AW56)/(AQ67+AQ65+AQ56) -> 0.97699115 | BE99: 2B | BF99: Infield Eval, RLC2B, SS1BT | BG99: 2BSCORE | BH99: =(BH67+BH56+BH65)/(BK67+BK65+BK56) -> 0.45833333 | BI99: BETWEEN | BJ99: =(BJ67+BJ65+BJ56)/(BK56+BK65+BK67) -> 0.75833333 | BL99: =BJ99 -> 0.75833333 | BM99: =(BO67+BO65+BO56)/(BK67+BK65+BK56) -> 0.86333333 | BN99: =(BP67+BP65+BP56)/(BK67+BK65+BK56) -> 0.9 | BO99: =(BQ67+BQ65+BQ56)/(BK67+BK65+BK56) -> 0.93666667
Q100: 3B | R100: Infield Eval, RLC3B, SS1BT | S100: 3BSCORE | T100: =(T67+T65+T58)/(W67+W65+W58) -> 0.40707965 | U100: BETWEEN | V100: =(V67+V65+V58)/(W67+W65+W58) -> 0.77876106 | X100: =V100 -> 0.77876106 | Y100: =(AA67+AA65+AA58)/(W67+W65+W58) -> 0.8460177 | Z100: =(AB67+AB65+AB58)/(W67+W65+W58) -> 0.89380531 | AA100: =(AC67+AC65+AC58)/(W67+W65+W58) -> 0.93274336 | AK100: 3B | AL100: Infield Eval, RLC3B, SS1BT | AM100: 3BSCORE | AN100: =(AN67+AN65+AN58)/(AQ67+AQ65+AQ58) -> 0.44247788 | AO100: BETWEEN | AP100: =(AP67+AP65+AP58)/(AQ67+AQ65+AQ58) -> 0.77876106 | AR100: =AP100 -> 0.77876106 | AS100: =(AU67+AU65+AU58)/(AQ67+AQ65+AQ58) -> 0.87256637 | AT100: =(AV67+AV65+AV58)/(AQ67+AQ65+AQ58) -> 0.91150442 | AU100: =(AW67+AW65+AW58)/(AQ67+AQ65+AQ58) -> 0.97699115 | BE100: 3B | BF100: Infield Eval, RLC3B, SS1BT | BG100: 3BSCORE | BH100: =(BH67+BH65+BH58)/(BK67+BK65+BK58) -> 0.45 | BI100: BETWEEN | BJ100: =(BJ67+BJ65+BJ58)/(BK67+BK65+BK58) -> 0.75833333 | BL100: =BJ100 -> 0.75833333 | BM100: =(BO67+BO65+BO58)/(BK67+BK65+BK58) -> 0.86333333 | BN100: =(BP67+BP65+BP58)/(BK67+BK65+BK58) -> 0.89166667 | BO100: =(BQ67+BQ65+BQ58)/(BK67+BK65+BK58) -> 0.93666667
Q101: Shortstop | R101: Infield Eval, RLCSS, SS1BT | S101: SHORTSCORE | T101: =(T67+T65+T57)/(W67+W65+W57) -> 0.40707965 | U101: BETWEEN | V101: =(V67+V65+V57)/(W67+W65+W57) -> 0.77876106 | X101: =V101 -> 0.77876106 | Y101: =(AA67+AA65+AA57)/(W67+W65+W57) -> 0.8460177 | Z101: =(AB67+AB65+AB57)/(W67+W65+W57) -> 0.88495575 | AA101: =(AC67+AC65+AC57)/(W67+W65+W57) -> 0.93274336 | AK101: Shortstop | AL101: Infield Eval, RLCSS, SS1BT | AM101: SHORTSCORE | AN101: =(AN67+AN65+AN57)/(AQ67+AQ65+AQ57) -> 0.44247788 | AO101: BETWEEN | AP101: =(AP67+AP65+AP57)/(AQ67+AQ65+AQ57) -> 0.77876106 | AR101: =AP101 -> 0.77876106 | AS101: =(AU67+AU65+AU57)/(AQ67+AQ65+AQ57) -> 0.86371681 | AT101: =(AV67+AV65+AV57)/(AQ67+AQ65+AQ57) -> 0.91150442 | AU101: =(AW67+AW65+AW57)/(AQ67+AQ65+AQ57) -> 0.97699115 | BE101: Shortstop | BF101: Infield Eval, RLCSS, SS1BT | BG101: SHORTSCORE | BH101: =(BH67+BH65+BH57)/(BK67+BK65+BK57) -> 0.45 | BI101: BETWEEN | BJ101: =(BJ67+BJ65+BJ57)/(BK67+BK65+BK57) -> 0.75833333 | BL101: =BJ101 -> 0.75833333 | BM101: =(BO67+BO65+BO57)/(BK67+BK65+BK57) -> 0.86333333 | BN101: =(BP67+BP65+BP57)/(BK67+BK65+BK57) -> 0.89166667 | BO101: =(BQ67+BQ65+BQ57)/(BK67+BK65+BK57) -> 0.93666667
Q103: Left Field | R103: OF Eval, T120FT | S103: LFSCORE | T103: =(T72+T69)/(W72+W69) -> 0.45333333 | U103: BETWEEN | V103: =(V72+V69)/(W72+W69) -> 0.64666667 | X103: =V103 -> 0.64666667 | Y103: =(AA72+AA69)/(W72+W69) -> 0.70666667 | Z103: =(AB72+AB69)/(W72+W69) -> 0.76533333 | AA103: =(AC72+AC69)/(W72+W69) -> 0.824 | AK103: Left Field | AL103: OF Eval, T120FT | AM103: LFSCORE | AN103: =(AN72+AN69)/(AQ72+AQ69) -> 0.45333333 | AO103: BETWEEN | AP103: =(AP72+AP69)/(AQ72+AQ69) -> 0.72666667 | AR103: =AP103 -> 0.72666667 | AS103: =(AU72+AU69)/(AQ72+AQ69) -> 0.77333333 | AT103: =(AV72+AV69)/(AQ72+AQ69) -> 0.81866667 | AU103: =(AW72+AW69)/(AQ72+AQ69) -> 0.904 | BE103: Left Field | BF103: OF Eval, T120FT | BG103: LFSCORE | BH103: =(BH72+BH69)/(BK72+BK69) -> 0.55263158 | BI103: BETWEEN | BJ103: =(BJ72+BJ69)/(BK72+BK69) -> 0.72368421 | BL103: =BJ103 -> 0.72368421 | BM103: =(BO72+BO69)/(BK72+BK69) -> 0.80921053 | BN103: =(BP72+BP69)/(BK72+BK69) -> 0.89078947 | BO103: =(BQ72+BQ69)/(BK72+BK69) -> 0.97368421
Q104: Right Field | R104: OF Eval, OFGBHT | S104: RFSCORE | T104: =(T72+T70)/(W72+W70) -> 0.51428571 | U104: BETWEEN | V104: =(V72+V70)/(W72+W70) -> 0.7 | X104: =V104 -> 0.7 | Y104: =(AA72+AA70)/(W72+W70) -> 0.75714286 | Z104: =(AB72+AB70)/(W72+W70) -> 0.81142857 | AA104: =(AC72+AC70)/(W72+W70) -> 0.86571429 | AK104: Right Field | AL104: OF Eval, OFGBHT | AM104: RFSCORE | AN104: =(AN72+AN70)/(AQ72+AQ70) -> 0.51428571 | AO104: BETWEEN | AP104: =(AP72+AP70)/(AQ72+AQ70) -> 0.75714286 | AR104: =AP104 -> 0.75714286 | AS104: =(AU72+AU70)/(AQ72+AQ70) -> 0.8 | AT104: =(AV72+AV70)/(AQ72+AQ70) -> 0.84 | AU104: =(AW72+AW70)/(AQ72+AQ70) -> 0.90857143 | BE104: Right Field | BF104: OF Eval, OFGBHT | BG104: RFSCORE | BH104: =(BH72+BH70)/(BK72+BK70) -> 0.61111111 | BI104: BETWEEN | BJ104: =(BJ72+BJ70)/(BK72+BK70) -> 0.75 | BL104: =BJ104 -> 0.75 | BM104: =(BO72+BO70)/(BK72+BK70) -> 0.81944444 | BN104: =(BP72+BP70)/(BK72+BK70) -> 0.88055556 | BO104: =(BQ72+BQ70)/(BK72+BK70) -> 0.94444444
Q105: Center Field | R105: OF Eval, SPEEDSCORE | S105: CENTERSCORE | T105: =(T72+T10)/(W10+W72) -> 0.57777778 | U105: BETWEEN | V105: =(V72+V10)/(W10+W72) -> 0.69452659 | X105: =V105 -> 0.69452659 | Y105: =(AA72+AA10)/(W10+W72) -> 0.74021164 | Z105: =(AB72+AB10)/(W10+W72) -> 0.79239316 | AA105: =(AC72+AC10)/(W10+W72) -> 0.8477193 | AK105: Center Field | AL105: OF Eval, SPEEDSCORE | AM105: CENTERSCORE | AN105: =(AN72+AN10)/(AQ10+AQ72) -> 0.61616496 | AO105: BETWEEN | AP105: =(AP72+AP10)/(AQ10+AQ72) -> 0.7714135 | AR105: =AP105 -> 0.7714135 | AS105: =(AU72+AU10)/(AQ10+AQ72) -> 0.80895905 | AT105: =(AV72+AV10)/(AQ10+AQ72) -> 0.85525253 | AU105: =(AW72+AW10)/(AQ10+AQ72) -> 0.92740701 | BE105: Center Field | BF105: OF Eval, SPEEDSCORE | BG105: CENTERSCORE | BH105: =(BH72+BH10)/(BK10+BK72) -> 0.64332592 | BI105: BETWEEN | BJ105: =(BJ72+BJ10)/(BK10+BK72) -> 0.74397561 | BL105: =BJ105 -> 0.74397561 | BM105: =(BO72+BO10)/(BK10+BK72) -> 0.78500355 | BN105: =(BP72+BP10)/(BK10+BK72) -> 0.84670989 | BO105: =(BQ72+BQ10)/(BK10+BK72) -> 0.93390192
Q108: Infield | R108: Average of all Infield Positions | S108: IFTOTAL | T108: =(T96+T97+T99+T100+T101)/5 -> 0.35916884 | V108: =(V96+V97+V99+V100+V101)/5 -> 0.71937852 | X108: =(X96+X97+X99+X100+X101)/5 -> 0.71937852 | Y108: =(Y96+Y97+Y99+Y100+Y101)/5 -> 0.78151538 | Z108: =(Z96+Z97+Z99+Z100+Z101)/5 -> 0.83776793 | AA108: =(AA96+AA97+AA99+AA100+AA101)/5 -> 0.90965609 | AK108: Infield | AL108: Average of all Infield Positions | AM108: IFTOTAL | AN108: =(AN96+AN97+AN99+AN100+AN101)/5 -> 0.39771626 | AP108: =(AP96+AP97+AP99+AP100+AP101)/5 -> 0.68451309 | AR108: =(AR96+AR97+AR99+AR100+AR101)/5 -> 0.68451309 | AS108: =(AS96+AS97+AS99+AS100+AS101)/5 -> 0.81588171 | AT108: =(AT96+AT97+AT99+AT100+AT101)/5 -> 0.85956284 | AU108: =(AU96+AU97+AU99+AU100+AU101)/5 -> 0.95745763 | BE108: Infield | BF108: Average of all Infield Positions | BG108: IFTOTAL | BH108: =(BH96+BH97+BH99+BH100+BH101)/5 -> 0.44837888 | BJ108: =(BJ96+BJ97+BJ99+BJ100+BJ101)/5 -> 0.74282609 | BL108: =(BL96+BL97+BL99+BL100+BL101)/5 -> 0.74282609 | BM108: =(BM96+BM97+BM99+BM100+BM101)/5 -> 0.83513458 | BN108: =(BN96+BN97+BN99+BN100+BN101)/5 -> 0.89176398 | BO108: =(BO96+BO97+BO99+BO100+BO101)/5 -> 0.95338716
Q110: Outfield | R110: Average of all Outfield Positions | S110: OFTOTAL | T110: =(T105+T104+T103)/3 -> 0.51513228 | V110: =(V105+V104+V103)/3 -> 0.68039775 | X110: =(X105+X104+X103)/3 -> 0.68039775 | Y110: =(Y105+Y104+Y103)/3 -> 0.73467372 | Z110: =(Z105+Z104+Z103)/3 -> 0.78971836 | AA110: =(AA105+AA104+AA103)/3 -> 0.84581119 | AK110: Outfield | AL110: Average of all Outfield Positions | AM110: OFTOTAL | AN110: =(AN105+AN104+AN103)/3 -> 0.527928 | AP110: =(AP105+AP104+AP103)/3 -> 0.75174101 | AR110: =(AR105+AR104+AR103)/3 -> 0.75174101 | AS110: =(AS105+AS104+AS103)/3 -> 0.79409746 | AT110: =(AT105+AT104+AT103)/3 -> 0.83797306 | AU110: =(AU105+AU104+AU103)/3 -> 0.91332614 | BE110: Outfield | BF110: Average of all Outfield Positions | BG110: OFTOTAL | BH110: =(BH105+BH104+BH103)/3 -> 0.6023562 | BJ110: =(BJ105+BJ104+BJ103)/3 -> 0.73921994 | BL110: =(BL105+BL104+BL103)/3 -> 0.73921994 | BM110: =(BM105+BM104+BM103)/3 -> 0.80455284 | BN110: =(BN105+BN104+BN103)/3 -> 0.87268497 | BO110: =(BO105+BO104+BO103)/3 -> 0.95067686
Q112: Overall Defense | R112: Average of all Defensive position scores | S112: DEFENSESCORE | T112: =(T105+T104+T103+T101+T100+T99+T97+T96)/8 -> 0.41765513 | V112: =(V105+V104+V103+V101+V100+V99+V97+V96)/8 -> 0.70476073 | X112: =(X105+X104+X103+X101+X100+X99+X97+X96)/8 -> 0.70476073 | Y112: =(Y105+Y104+Y103+Y101+Y100+Y99+Y97+Y96)/8 -> 0.76394976 | Z112: =(Z105+Z104+Z103+Z101+Z100+Z99+Z97+Z96)/8 -> 0.81974934 | AA112: =(AA105+AA104+AA103+AA101+AA100+AA99+AA97+AA96)/8 -> 0.88571426 | AK112: Overall Defense | AL112: Average of all Defensive position scores | AM112: DEFENSESCORE | AN112: =(AN105+AN104+AN103+AN101+AN100+AN99+AN97+AN96)/8 -> 0.44654567 | AP112: =(AP105+AP104+AP103+AP101+AP100+AP99+AP97+AP96)/8 -> 0.70972356 | AR112: =(AR105+AR104+AR103+AR101+AR100+AR99+AR97+AR96)/8 -> 0.70972356 | AS112: =(AS105+AS104+AS103+AS101+AS100+AS99+AS97+AS96)/8 -> 0.80771262 | AT112: =(AT105+AT104+AT103+AT101+AT100+AT99+AT97+AT96)/8 -> 0.85146667 | AU112: =(AU105+AU104+AU103+AU101+AU100+AU99+AU97+AU96)/8 -> 0.94090832 | BE112: Overall Defense | BF112: Average of all Defensive position scores | BG112: DEFENSESCORE | BH112: =(BH105+BH104+BH103+BH101+BH100+BH99+BH97+BH96)/8 -> 0.50612038 | BJ112: =(BJ105+BJ104+BJ103+BJ101+BJ100+BJ99+BJ97+BJ96)/8 -> 0.74147378 | BL112: =(BL105+BL104+BL103+BL101+BL100+BL99+BL97+BL96)/8 -> 0.74147378 | BM112: =(BM105+BM104+BM103+BM101+BM100+BM99+BM97+BM96)/8 -> 0.82366643 | BN112: =(BN105+BN104+BN103+BN101+BN100+BN99+BN97+BN96)/8 -> 0.88460935 | BO112: =(BO105+BO104+BO103+BO101+BO100+BO99+BO97+BO96)/8 -> 0.9523708
Q114: HITTING | R114: Chance to make solid contact represented as a value between 1-100 | S114: CONTACTSCORE | T114: =(T33/W33)*100 -> 37.272727 | V114: =(V33/W33)*100 -> 57.272727 | X114: =V114 -> 57.272727 | Y114: =(AA33/$W33)*100 -> 69.090909 | Z114: =(AB33/$W33)*100 -> 73.636364 | AA114: =(AC33/$W33)*100 -> 78.181818 | AK114: HITTING | AL114: Chance to make solid contact represented as a value between 1-100 | AM114: CONTACTSCORE | AN114: =(AN33/AQ33)*100 -> 44.545455 | AP114: =(AP33/AQ33)*100 -> 64.545455 | AR114: =AP114 -> 64.545455 | AS114: =(AU33/$AQ33)*100 -> 69.090909 | AT114: =(AV33/$AQ33)*100 -> 74.545455 | AU114: =(AW33/$AQ33)*100 -> 81.818182 | BE114: HITTING | BF114: Chance to make solid contact represented as a value between 1-100 | BG114: CONTACTSCORE | BH114: =(BH33/BK33)*100 -> 45.454545 | BJ114: =(BJ33/BK33)*100 -> 67.272727 | BL114: =BJ114 -> 67.272727 | BM114: =(BO33/$BK33)*100 -> 72.727273 | BN114: =(BP33/$BK33)*100 -> 76.363636 | BO114: =(BQ33/$BK33)*100 -> 85.454545
R115: Chance to hit for power and extra base hits represented as a value between 1-100 | S115: POWERSCORE | T115: =(T34/W34)*100 -> 41.666667 | V115: =(V34/W34)*100 -> 57.323232 | X115: =V115 -> 57.323232 | Y115: =(AA34/$W34)*100 -> 65.909091 | Z115: =(AB34/$W34)*100 -> 69.69697 | AA115: =(AC34/$W34)*100 -> 73.737374 | AL115: Chance to hit for power and extra base hits represented as a value between 1-100 | AM115: POWERSCORE | AN115: =(AN34/AQ34)*100 -> 50.252525 | AP115: =(AP34/AQ34)*100 -> 65.909091 | AR115: =AP115 -> 65.909091 | AS115: =(AU34/$AQ34)*100 -> 70.10101 | AT115: =(AV34/$AQ34)*100 -> 75.353535 | AU115: =(AW34/$AQ34)*100 -> 80.555556 | BF115: Chance to hit for power and extra base hits represented as a value between 1-100 | BG115: POWERSCORE | BH115: =(BH34/BK34)*100 -> 55.808081 | BJ115: =(BJ34/BK34)*100 -> 70.454545 | BL115: =BJ115 -> 70.454545 | BM115: =(BO34/$BK34)*100 -> 76.767677 | BN115: =(BP34/$BK34)*100 -> 83.080808 | BO115: =(BQ34/$BK34)*100 -> 89.393939
R116: A Player's running speed rating between 0-100 | S116: SPEEDSCORE | T116: =(T10/W10)*100 -> 62.4 | V116: =(V10/W10)*100 -> 70.811829 | X116: =V116 -> 70.811829 | Y116: =(AA10/$W10)*100 -> 74.590476 | Z116: =(AB10/$W10)*100 -> 79.384615 | AA116: =(AC10/$W10)*100 -> 84.631579 | AL116: A Player's running speed rating between 0-100 | AM116: SPEEDSCORE | AN116: =(AN10/AQ10)*100 -> 67.927755 | AP116: =(AP10/AQ10)*100 -> 78.683544 | AR116: =AP116 -> 78.683544 | AS116: =(AU10/$AQ10)*100 -> 82.090103 | AT116: =(AV10/$AQ10)*100 -> 86.836364 | AU116: =(AW10/$AQ10)*100 -> 93.706609 | BF116: A Player's running speed rating between 0-100 | BG116: SPEEDSCORE | BH116: =(BH10/BK10)*100 -> 67.109318 | BJ116: =(BJ10/BK10)*100 -> 74.854549 | BL116: =BJ116 -> 74.854549 | BM116: =(BO10/$BK10)*100 -> 77.438424 | BN116: =(BP10/$BK10)*100 -> 83.095647 | BO116: =(BQ10/$BK10)*100 -> 92.216749
R117: An estimated chance that a player will strikeout, represented as a percentage | S117: STRIKECHANCE | T117: =((1-(T114/90))) -> 0.58585859 | V117: =((1-(V114/90))) -> 0.36363636 | X117: =((1-(X114/90))) -> 0.36363636 | Y117: =((1-(Y114/90))) -> 0.23232323 | Z117: =((1-(Z114/90))) -> 0.18181818 | AA117: =((1-(AA114/90))) -> 0.13131313 | AL117: An estimated chance that a player will strikeout, represented as a percentage | AM117: STRIKECHANCE | AN117: =((1-(AN114/90))) -> 0.50505051 | AP117: =((1-(AP114/90))) -> 0.28282828 | AR117: =((1-(AR114/90))) -> 0.28282828 | AS117: =((1-(AS114/90))) -> 0.23232323 | AT117: =((1-(AT114/90))) -> 0.17171717 | AU117: =((1-(AU114/90))) -> 0.090909091 | BF117: An estimated chance that a player will strikeout, represented as a percentage | BG117: STRIKECHANCE | BH117: =((1-(BH114/90))) -> 0.49494949 | BJ117: =((1-(BJ114/90))) -> 0.25252525 | BL117: =((1-(BL114/90))) -> 0.25252525 | BM117: =((1-(BM114/90))) -> 0.19191919 | BN117: =((1-(BN114/90))) -> 0.15151515 | BO117: =((1-(BO114/90))) -> 0.050505051
R119: BPOP Hitting Score | S119: BPOPHITSCORE | T119: =T35/W35 -> 0.39150943 | V119: =V35/W35 -> 0.56446541 | X119: =V119 -> 0.56446541 | Y119: =AA35/$W35 -> 0.66194969 | Z119: =AB35/$W35 -> 0.70440252 | AA119: =AC35/$W35 -> 0.74842767 | AL119: BPOP Hitting Score | AM119: BPOPHITSCORE | AN119: =AN35/AQ35 -> 0.47012579 | AP119: =AP35/AQ35 -> 0.64308176 | AR119: =AP119 -> 0.64308176 | AS119: =AU35/$AQ35 -> 0.68805031 | AT119: =AV35/$AQ35 -> 0.73962264 | AU119: =AW35/$AQ35 -> 0.80345912 | BF119: BPOP Hitting Score | BG119: BPOPHITSCORE | BH119: =BH35/BK35 -> 0.50471698 | BJ119: =BJ35/BK35 -> 0.68396226 | BL119: =BJ119 -> 0.68396226 | BM119: =BO35/$BK35 -> 0.74213836 | BN119: =BP35/$BK35 -> 0.78773585 | BO119: =BQ35/$BK35 -> 0.87106918
...

Sheet BPOP 12U-14U Eval
A1: #VALUE! | C1: BPOP 12U-14U Evals
K2: 12U Ranges | AE2: 13U Ranges | AY2: 14U Ranges
A3: Primary Category | B3: Secondary Category | C3: Test Name | D3: Score Definition | E3: Description | F3: Selection Type | G3: Selection Optons | H3: Selection Details | I3: Value Range | K3: Red Range | L3: Yellow Range | M3: Green Range | N3: Bronze Threshold | O3: Silver Threshold | P3: Gold Threshold | Q3: Platinum Threshold | R3: Total Point Cacluation | S3: Sample Data RED | T3: Sample Calc RED | U3: Sample Data GREEN | V3: Sample Calc GREEN | W3: Max Score | X3: Normalized Max | Y3: Normalized Sample Calc RED | Z3: Normalized Sample Calc GREEN | AA3: Silver Calc | AB3: Gold Calc | AC3: Platinum Calc | AE3: Red Range | AF3: Yellow Range | AG3: Green Range | AH3: Bronze Threshold | AI3: Silver Threshold | AJ3: Gold Threshold | AK3: Platinum Threshold | AL3: Total Point Cacluation | AM3: Sample Data RED | AN3: Sample Calc RED | AO3: Sample Data GREEN | AP3: Sample Calc GREEN | AQ3: Max Score | AR3: Normalized Max | AS3: Normalized Sample Calc RED | AT3: Normalized Sample Calc GREEN | AU3: Silver Calc | AV3: Gold Calc | AW3: Platinum Calc | AY3: Red Range | AZ3: Yellow Range | BA3: Green Range | BB3: Bronze Threshold | BC3: Silver Threshold | BD3: Gold Threshold | BE3: Platinum Threshold | BF3: Total Point Cacluation | BG3: Sample Data RED | BH3: Sample Calc RED | BI3: Sample Data GREEN | BJ3: Sample Calc GREEN | BK3: Max Score | BL3: Normalized Max | BM3: Normalized Sample Calc RED | BN3: Normalized Sample Calc GREEN | BO3: Silver Calc | BP3: Gold Calc | BQ3: Platinum Calc
A5: Athletic Skills | B5: Speed | C5: Timed Run 1B | D5: 1BSPEED | E5: Have the player run from home plate straight through 1st base. | F5: INPUT BASE LENGTH, INPUT with Optional Stopwatch | G5: NOTE - Data will be stored as Feet Per Second (base length / Time) | H5: FEET, Time - Seconds to the hundreth | I5: 40 - 90 FT, 2 Seconds - 10 Seconds | K5: 3.76 | L5: BETWEEN | M5: 3.55 | N5: 3.55 | O5: 3.5 | P5: 3.4 | Q5: 3.25 | R5: (1BSPEEDFPS-7FPS)*3 | S5: =K6 -> 18.617021 | T5: =(S5-7)*3 -> 34.851064 | U5: =M6 -> 19.71831 | V5: =(U5-7)*3 -> 38.15493 | W5: 55 | AA5: =(O6-7)*3 -> 39 | AB5: =(P6-7)*3 -> 40.764706 | AC5: =(Q6-7)*3 -> 43.615385 | AE5: 4.5 | AF5: BETWEEN | AG5: 4.15 | AH5: 4.15 | AI5: 4.05 | AJ5: 3.9 | AK5: 3.75 | AL5: (1BSPEEDFPS-7FPS)*3 | AM5: =AE6 -> 17.777778 | AN5: =(AM5-7)*3 -> 32.333333 | AO5: =AG6 -> 19.277108 | AP5: =(AO5-7)*3 -> 36.831325 | AQ5: 55 | AU5: =(AI6-7)*3 -> 38.259259 | AV5: =(AJ6-7)*3 -> 40.538462 | AW5: =(AK6-7)*3 -> 43 | AY5: 4.75 | AZ5: 4.74-4.26 | BA5: 4.25 | BB5: 4.25 | BC5: 4.15 | BD5: 4.05 | BE5: 3.95 | BF5: (1BSPEEDFPS-7FPS)*3 | BG5: =AY6 -> 18.947368 | BH5: =(BG5-7)*3 -> 35.842105 | BI5: =BA6 -> 21.176471 | BJ5: =(BI5-7)*3 -> 42.529412 | BK5: 60 | BO5: =(BC6-7)*3 -> 44.060241 | BP5: =(BD6-7)*3 -> 45.666667 | BQ5: =(BE6-7)*3 -> 47.35443
J6: FT/SEC | K6: =$K$9/K5 -> 18.617021 | L6: BETWEEN | M6: =$K$9/M5 -> 19.71831 | N6: =$K$9/N5 -> 19.71831 | O6: =$K$9/O5 -> 20 | P6: =$K$9/P5 -> 20.588235 | Q6: =$K$9/Q5 -> 21.538462 | AD6: FT/SEC | AE6: =$AE$9/AE5 -> 17.777778 | AF6: BETWEEN | AG6: =$AE$9/AG5 -> 19.277108 | AH6: =$AE$9/AH5 -> 19.277108 | AI6: =$AE$9/AI5 -> 19.753086 | AJ6: =$AE$9/AJ5 -> 20.512821 | AK6: =$AE$9/AK5 -> 21.333333 | AX6: FT/SEC | AY6: =$AY$9/AY5 -> 18.947368 | AZ6: BETWEEN | BA6: =$AY$9/BA5 -> 21.176471 | BB6: =$AY$9/BB5 -> 21.176471 | BC6: =$AY$9/BC5 -> 21.686747 | BD6: =$AY$9/BD5 -> 22.222222 | BE6: =$AY$9/BE5 -> 22.78481
C7: Timed Run 4B | D7: 4BSPEED | E7: Have the player run from home plate around all four bases. | F7: INPUT BASE LENGTH, INPUT with Optional Stopwatch | G7: NOTE - Data will be stored as Feet Per Second (base length / Time) | H7: FEET, Time - Seconds to the hundreth | I7: 40 - 90 FT, 2 Seconds - 30 Seconds | K7: 16 | L7: BETWEEN | M7: 14.5 | N7: 14.5 | O7: 13.75 | P7: 13 | Q7: 12.25 | R7: (4BSPEEDFPS-7FPS)*3 | S7: =K8 -> 17.5 | T7: =(S7-7)*3 -> 31.5 | U7: =M8 -> 19.310345 | V7: =(U7-7)*3 -> 36.931034 | W7: 60 | AA7: =(O8-7)*3 -> 40.090909 | AB7: =(P8-7)*3 -> 43.615385 | AC7: =(Q8-7)*3 -> 47.571429 | AE7: 18 | AF7: BETWEEN | AG7: 16.5 | AH7: 16.5 | AI7: 15.75 | AJ7: 15 | AK7: 14.25 | AL7: (4BSPEEDFPS-7FPS)*3 | AM7: =AE8 -> 17.777778 | AN7: =(AM7-7)*3 -> 32.333333 | AO7: =AG8 -> 19.393939 | AP7: =(AO7-7)*3 -> 37.181818 | AQ7: 60 | AU7: =(AI8-7)*3 -> 39.952381 | AV7: =(AJ8-7)*3 -> 43 | AW7: =(AK8-7)*3 -> 46.368421 | AY7: 20 | AZ7: 19.99-17.01 | BA7: 17 | BB7: 17 | BC7: 16.25 | BD7: 15.75 | BE7: 15 | BF7: (4BSPEEDFPS-7FPS)*3 | BG7: =AY8 -> 18 | BH7: =(BG7-7)*3 -> 33 | BI7: =BA8 -> 21.176471 | BJ7: =(BI7-7)*3 -> 42.529412 | BK7: 65 | BO7: =(BC8-7)*3 -> 45.461538 | BP7: =(BD8-7)*3 -> 47.571429 | BQ7: =(BE8-7)*3 -> 51
J8: FT/SEC | K8: =($K$9*4)/K7 -> 17.5 | L8: BETWEEN | M8: =($K$9*4)/M7 -> 19.310345 | N8: =($K$9*4)/N7 -> 19.310345 | O8: =($K$9*4)/O7 -> 20.363636 | P8: =($K$9*4)/P7 -> 21.538462 | Q8: =($K$9*4)/Q7 -> 22.857143 | AD8: FT/SEC | AE8: =($AE$9*4)/AE7 -> 17.777778 | AF8: BETWEEN | AG8: =($AE$9*4)/AG7 -> 19.393939 | AH8: =($AE$9*4)/AH7 -> 19.393939 | AI8: =($AE$9*4)/AI7 -> 20.31746 | AJ8: =($AE$9*4)/AJ7 -> 21.333333 | AK8: =($AE$9*4)/AK7 -> 22.45614 | AX8: FT/SEC | AY8: =($AY$9*4)/AY7 -> 18 | AZ8: BETWEEN | BA8: =($AY$9*4)/BA7 -> 21.176471 | BB8: =($AY$9*4)/BB7 -> 21.176471 | BC8: =($AY$9*4)/BC7 -> 22.153846 | BD8: =($AY$9*4)/BD7 -> 22.857143 | BE8: =($AY$9*4)/BE7 -> 24
J9: Base Length | K9: 70 | AD9: Base Length | AE9: 80 | AX9: Base Length | AY9: 90
B10: Speed Medal Requirements | D10: SPEEDSCORE | T10: =SUM(T5,T7) -> 66.351064 | V10: =SUM(V5,V7) -> 75.085964 | W10: =SUM(W5,W7) -> 115 | AA10: =SUM(AA5,AA7) -> 79.090909 | AB10: =SUM(AB5,AB7) -> 84.38009 | AC10: =SUM(AC5,AC7) -> 91.186813 | AN10: =SUM(AN5,AN7) -> 64.666667 | AP10: =SUM(AP5,AP7) -> 74.013143 | AQ10: =SUM(AQ5,AQ7) -> 115 | AU10: =SUM(AU5,AU7) -> 78.21164 | AV10: =SUM(AV5,AV7) -> 83.538462 | AW10: =SUM(AW5,AW7) -> 89.368421 | BB10: Must Meet All Category Thresholds | BH10: =SUM(BH5,BH7) -> 68.842105 | BJ10: =SUM(BJ5,BJ7) -> 85.058824 | BK10: =SUM(BK5,BK7) -> 125 | BO10: =SUM(BO5,BO7) -> 89.521779 | BP10: =SUM(BP5,BP7) -> 93.238095 | BQ10: =SUM(BQ5,BQ7) -> 98.35443
B11: Strength | C11: Push Ups | D11: APUSH60 | E11: Record the number of push ups the player can do in 60 seconds | F11: INPUT with 60 second countdown Timer | H11: Number | I11: 0 - 60 | K11: 20 | L11: 21-30 | M11: 31 | N11: 31 | O11: 33 | P11: 35 | Q11: 38 | R11: APUSH30/2 | S11: =K11 -> 20 | T11: =S11/2 -> 10 | U11: =M11 -> 31 | V11: =U11/2 -> 15.5 | W11: =40/2 -> 20 | AA11: =O11/2 -> 16.5 | AB11: =P11/2 -> 17.5 | AC11: =Q11/2 -> 19 | AE11: 22 | AF11: 23-32 | AG11: 33 | AH11: 33 | AI11: 35 | AJ11: 37 | AK11: 40 | AL11: APUSH30/2 | AM11: =AE11 -> 22 | AN11: =AM11/2 -> 11 | AO11: =AG11 -> 33 | AP11: =AO11/2 -> 16.5 | AQ11: =40/2 -> 20 | AU11: =AI11/2 -> 17.5 | AV11: =AJ11/2 -> 18.5 | AW11: =AK11/2 -> 20 | AY11: 22 | AZ11: 23-33 | BA11: 34 | BB11: 34 | BC11: 35 | BD11: 38 | BE11: 40 | BF11: APUSH30/2 | BG11: =AY11 -> 22 | BH11: =BG11/2 -> 11 | BI11: =BA11 -> 34 | BJ11: =BI11/2 -> 17 | BK11: =40/2 -> 20 | BO11: =BC11/2 -> 17.5 | BP11: =BD11/2 -> 19 | BQ11: =BE11/2 -> 20
C12: Sit Ups | D12: ASIT60 | E12: Record the number of sit-ups the player can do in 60 seconds | F12: INPUT with 60 second countdown Timer | H12: Number | I12: 0 - 60 | K12: 24 | L12: 25-35 | M12: 36 | N12: 36 | O12: 38 | P12: 40 | Q12: 42 | R12: ASIT30/3 | S12: =K12 -> 24 | T12: =S12/3 -> 8 | U12: =M12 -> 36 | V12: =U12/3 -> 12 | W12: =45/3 -> 15 | AA12: =O12/3 -> 12.666667 | AB12: =P12/3 -> 13.333333 | AC12: =Q12/3 -> 14 | AE12: 26 | AF12: 27-36 | AG12: 36 | AH12: 36 | AI12: 38 | AJ12: 40 | AK12: 42 | AL12: ASIT30/3 | AM12: =AE12 -> 26 | AN12: =AM12/3 -> 8.6666667 | AO12: =AG12 -> 36 | AP12: =AO12/3 -> 12 | AQ12: =45/3 -> 15 | AU12: =AI12/3 -> 12.666667 | AV12: =AJ12/3 -> 13.333333 | AW12: =AK12/3 -> 14 | AY12: 26 | AZ12: 27-38 | BA12: 39 | BB12: 40 | BC12: 42 | BD12: 44 | BE12: 46 | BF12: ASIT30/3 | BG12: =AY12 -> 26 | BH12: =BG12/3 -> 8.6666667 | BI12: =BA12 -> 39 | BJ12: =BI12/3 -> 13 | BK12: =45/3 -> 15 | BO12: =BC12/3 -> 14 | BP12: =BD12/3 -> 14.666667 | BQ12: =BE12/3 -> 15.333333
B13: Strength Medal Requirments | D13: STRENGTHSCORE | O13: Must Meet Requirement for both Push Ups and Sit ups | T13: =SUM(T11:T12) -> 18 | V13: =SUM(V11:V12) -> 27.5 | W13: =SUM(W11:W12) -> 35 | AA13: =SUM(AA11:AA12) -> 29.166667 | AB13: =SUM(AB11:AB12) -> 30.833333 | AC13: =SUM(AC11:AC12) -> 33 | AI13: Must Meet Requirement for both Push Ups and Sit ups | AN13: =SUM(AN11:AN12) -> 19.666667 | AP13: =SUM(AP11:AP12) -> 28.5 | AQ13: =SUM(AQ11:AQ12) -> 35 | AU13: =SUM(AU11:AU12) -> 30.166667 | AV13: =SUM(AV11:AV12) -> 31.833333 | AW13: =SUM(AW11:AW12) -> 34 | BB13: Must Meet All Category Thresholds | BH13: =SUM(BH11:BH12) -> 19.666667 | BJ13: =SUM(BJ11:BJ12) -> 30 | BK13: =SUM(BK11:BK12) -> 35 | BO13: =SUM(BO11:BO12) -> 31.5 | BP13: =SUM(BP11:BP12) -> 33.666667 | BQ13: =SUM(BQ11:BQ12) -> 35.333333
B14: Power | C14: Vertical Jump | D14: ASPJUMP | E14: Measure the player's max vertical jump. The player can squat slightly to start, but cannot take a running start.The player gets 3 attempts | F14: INPUT | G14: Separate Entry for each of the 3 attempts | H14: Inches to the .25 of an inch | I14: 4 inches - 50 inches | K14: 11 | L14: 11.25-14.75 | M14: 15 | N14: 15 | O14: 16 | P14: 18 | Q14: 21 | R14: =D14 -> ASPJUMP | S14: =K14 -> 11 | T14: 11 | U14: =M14 -> 15 | V14: 14.75 | W14: 20 | AA14: =O14 -> 16 | AB14: =P14 -> 18 | AC14: =Q14 -> 21 | AE14: 11 | AF14: 11.25-14.75 | AG14: 15 | AH14: 15 | AI14: 16 | AJ14: 18 | AK14: 21 | AL14: =D14 -> ASPJUMP | AM14: =AE14 -> 11 | AN14: =AM14 -> 11 | AO14: =AG14 -> 15 | AP14: =AO14 -> 15 | AQ14: 20 | AU14: =AI14 -> 16 | AV14: =AJ14 -> 18 | AW14: =AK14 -> 21 | AY14: 12 | AZ14: 12.25-16 | BA14: 16.25 | BB14: 16.25 | BC14: 17 | BD14: 19 | BE14: 22 | BF14: =U14 -> 15 | BG14: =AY14 -> 12 | BH14: =BG14 -> 12 | BI14: =BA14 -> 16.25 | BJ14: =BI14 -> 16.25 | BK14: 20 | BO14: =BC14 -> 17 | BP14: =BD14 -> 19 | BQ14: =BE14 -> 22
B15: Power Medal Requirements | D15: POWERSCORE | O15: Must meet the Medal requirement for Vertical Jump | T15: =T14 -> 11 | V15: =V14 -> 14.75 | W15: =W14 -> 20 | AA15: =AA14 -> 16 | AB15: =AB14 -> 18 | AC15: =AC14 -> 21 | AI15: Must meet the Medal requirement for Vertical Jump | AN15: =AN14 -> 11 | AP15: =AP14 -> 15 | AQ15: =AQ14 -> 20 | AU15: =AU14 -> 16 | AV15: =AV14 -> 18 | AW15: =AW14 -> 21 | BB15: Must Meet All Category Thresholds | BH15: =BH14 -> 12 | BJ15: =BJ14 -> 16.25 | BK15: =BK14 -> 20 | BO15: =BO14 -> 17 | BP15: =BP14 -> 19 | BQ15: =BQ14 -> 22
B16: Balance | C16: SLS Eyes Open | D16: BSLEO | E16: Have the player get into a single leg stance with their thigh parallel to the ground and the arms by their side. Once stable, have them hold this position for as long as possible up to 30 seconds. | F16: INPUT with Stopwatch that automatically stops at 30 seconds. The user can click a stop button to record the time. | G16: Separate Entry for Right and Left Side | H16: Time - Seconds to the hundreth | I16: 0 Seconds - 30 Seconds | K16: 14.99 | L16: 15-23.99 | M16: 24 | N16: 24 | O16: 25 | P16: 27 | Q16: 30 | R16: BSLEO/3 | S16: =K16 -> 14.99 | T16: =S16/3 -> 4.9966667 | U16: =M16 -> 24 | V16: =U16/3 -> 8 | W16: =30/3 -> 10 | AA16: =O16/3 -> 8.3333333 | AB16: =P16/3 -> 9 | AC16: =Q16/3 -> 10 | AE16: 14.99 | AF16: 15-23.99 | AG16: 24 | AH16: 24 | AI16: 25 | AJ16: 27 | AK16: 30 | AL16: BSLEO/3 | AM16: =AE16 -> 14.99 | AN16: =AM16/3 -> 4.9966667 | AO16: =AG16 -> 24 | AP16: =AO16/3 -> 8 | AQ16: =30/3 -> 10 | AU16: =AI16/3 -> 8.3333333 | AV16: =AJ16/3 -> 9 | AW16: =AK16/3 -> 10 | AY16: 14.99 | AZ16: 15-23.99 | BA16: 24 | BB16: 24 | BC16: 25 | BD16: 27 | BE16: 29 | BF16: BSLEO/3 | BG16: =AY16 -> 14.99 | BH16: =BG16/3 -> 4.9966667 | BI16: =BA16 -> 24 | BJ16: =BI16/3 -> 8 | BK16: =30/3 -> 10 | BO16: =BC16/3 -> 8.3333333 | BP16: =BD16/3 -> 9 | BQ16: =BE16/3 -> 9.6666667
C17: SLS Eyes Closed | D17: BSLEC | E17: Have the player get into a single leg stance with their thigh parallel to the ground and the arms by their side. Once stable, have the player close their eyes and hold this position for as long as possible up to 30 seconds. | F17: INPUT with Stopwatch that automatically stops at 30 seconds. The user can click a stop button to record the time. | G17: Separate Entry for Right and Left Side | H17: Time - Seconds to the hundreth | I17: 0 Seconds - 30 Seconds | K17: 11.49 | L17: 11.5-21.49 | M17: 21.5 | N17: 21.5 | O17: 23 | P17: 25 | Q17: 27 | R17: BSLEC/2 | S17: =K17 -> 11.49 | T17: =S17/2 -> 5.745 | U17: =M17 -> 21.5 | V17: =U17/2 -> 10.75 | W17: =30/2 -> 15 | AA17: =O17/2 -> 11.5 | AB17: =P17/2 -> 12.5 | AC17: =Q17/2 -> 13.5 | AE17: 11.49 | AF17: 11.5-21.49 | AG17: 21.5 | AH17: 21.5 | AI17: 23 | AJ17: 25 | AK17: 27 | AL17: BSLEC/2 | AM17: =AE17 -> 11.49 | AN17: =AM17/2 -> 5.745 | AO17: =AG17 -> 21.5 | AP17: =AO17/2 -> 10.75 | AQ17: =30/2 -> 15 | AU17: =AI17/2 -> 11.5 | AV17: =AJ17/2 -> 12.5 | AW17: =AK17/2 -> 13.5 | AY17: 11.49 | AZ17: 11.5-21.49 | BA17: 21.5 | BB17: 21.5 | BC17: 23 | BD17: 25 | BE17: 27 | BF17: BSLEC/2 | BG17: =AY17 -> 11.49 | BH17: =BG17/2 -> 5.745 | BI17: =BA17 -> 21.5 | BJ17: =BI17/2 -> 10.75 | BK17: =30/2 -> 15 | BO17: =BC17/2 -> 11.5 | BP17: =BD17/2 -> 12.5 | BQ17: =BE17/2 -> 13.5
B18: Balance Medal Requirements | D18: BALANCESCORE | O18: Must Meet Requirement for both Eyes Open and Eyes Closed | T18: =SUM(T16:T17) -> 10.741667 | V18: =SUM(V16:V17) -> 18.75 | W18: =SUM(W16:W17) -> 25 | AA18: =SUM(AA16:AA17) -> 19.833333 | AB18: =SUM(AB16:AB17) -> 21.5 | AC18: =SUM(AC16:AC17) -> 23.5 | AI18: Must Meet Requirement for both Eyes Open and Eyes Closed | AN18: =SUM(AN16:AN17) -> 10.741667 | AP18: =SUM(AP16:AP17) -> 18.75 | AQ18: =SUM(AQ16:AQ17) -> 25 | AU18: =SUM(AU16:AU17) -> 19.833333 | AV18: =SUM(AV16:AV17) -> 21.5 | AW18: =SUM(AW16:AW17) -> 23.5 | BB18: Must Meet All Category Thresholds | BH18: =SUM(BH16:BH17) -> 10.741667 | BJ18: =SUM(BJ16:BJ17) -> 18.75 | BK18: =SUM(BK16:BK17) -> 25 | BO18: =SUM(BO16:BO17) -> 19.833333 | BP18: =SUM(BP16:BP17) -> 21.5 | BQ18: =SUM(BQ16:BQ17) -> 23.166667
B19: Mobility | C19: MSR | D19: MSR | E19: Have the player stand straight, feet together, with a bat across the shoulders. Then have them rotate their body around to look behind. The player should be able to rotate their torso more than 180 degrees. | F19: SELECT - Less than 180 Degrees, Equal to 180 Degrees, Greater than 180 Degress | G19: Separate Selection for Right and Left Side | H19: Select only 1 option | I19: No Range - Specific Options | K19: Less than 180 Degrees Both Sides | L19: This could be any combinantion between the low and high options | M19: Greater than 180 Degrees Both Sides | N19: N/A | O19: N/A | P19: N/A | Q19: Greater than 180 Degrees Both Sides | R19: Greater Than 180 Degrees=3, Equal to 180 Degrees=1, Less than 180 Degrees=0 Add total for right and left side | S19: =K19 -> Less than 180 Degrees Both Sides | T19: 0 | U19: =L19 -> This could be any combinantion between the low and high options | V19: 4 | W19: 6 | AA19: 6 | AB19: 6 | AC19: 6 | AE19: Less than 180 Degrees Both Sides | AF19: This could be any combinantion between the low and high options | AG19: Greater than 180 Degrees Both Sides | AH19: N/A | AI19: N/A | AJ19: N/A | AK19: Greater than 180 Degrees Both Sides | AL19: Greater Than 180 Degrees=3, Equal to 180 Degrees=1, Less than 180 Degrees=0 Add total for right and left side | AM19: =AE19 -> Less than 180 Degrees Both Sides | AN19: 0 | AO19: =AF19 -> This could be any combinantion between the low and high options | AP19: 4 | AQ19: 6 | AU19: 6 | AV19: 6 | AW19: 6 | AY19: Less than 180 Degrees Both Sides | AZ19: This could be any combinantion between the low and high options | BA19: Greater than 180 Degrees Both Sides | BB19: N/A | BC19: N/A | BD19: N/A | BE19: Greater than 180 Degrees Both Sides | BF19: Greater Than 180 Degrees=3, Equal to 180 Degrees=1, Less than 180 Degrees=0 Add total for right and left side | BG19: =AY19 -> Less than 180 Degrees Both Sides | BH19: 0 | BI19: =AZ19 -> This could be any combinantion between the low and high options | BJ19: 4 | BK19: 6 | BO19: 6 | BP19: 6 | BQ19: 6
C20: Toe Touch | D20: MTT | E20: Have the player stand tall with hte feet together. Have them try to touch their toes without bending the knees. If they can touch their toes, have them try to touch the ground in front of their toes. | F20: SELECT - Cannot Touch Toes, Touches Toes, Touches Ground | H20: Select only 1 option | I20: No Range - Specific Options | K20: Cannot Touch Toes | L20: Touches Toes | M20: Touches Ground | N20: N/A | O20: Touches Toes | P20: N/A | Q20: Touches Ground | R20: Cannot Touch toes=0, Touches Toes=3, Touches Ground=6 | S20: =K20 -> Cannot Touch Toes | T20: 0 | U20: =L20 -> Touches Toes | V20: 3 | W20: 6 | AA20: 6 | AB20: 6 | AC20: 6 | AE20: Cannot Touch Toes | AF20: Touches Toes | AG20: Touches Ground | AH20: N/A | AI20: Touches Toes | AJ20: N/A | AK20: Touches Ground | AL20: Cannot Touch toes=0, Touches Toes=3, Touches Ground=6 | AM20: =AE20 -> Cannot Touch Toes | AN20: 0 | AO20: =AF20 -> Touches Toes | AP20: 3 | AQ20: 6 | AU20: 6 | AV20: 6 | AW20: 6 | AY20: Cannot Touch Toes | AZ20: Touches Toes | BA20: Touches Ground | BB20: N/A | BC20: Touches Toes | BD20: N/A | BE20: Touches Ground | BF20: Cannot Touch toes=0, Touches Toes=3, Touches Ground=6 | BG20: =AY20 -> Cannot Touch Toes | BH20: 0 | BI20: =AZ20 -> Touches Toes | BJ20: 3 | BK20: 6 | BO20: 6 | BP20: 6 | BQ20: 6
C21: Deep Squat | D21: MDS | E21: Have the player stand with their feet shoulder width apart with the arms striaght above their head. Have them do a deep squat trying to get their pelvis below the knees without the arms moving forward or the ankles flaring. | F21: SELECT - Full Overhead Deep Squat, Arms Move Forward, Pelvis not below the knees, Ankles Flare | G21: Full Overhead Deep Squat, Arms move forward of head, Pelvis not below the hips, Ankles Flare | H21: Select 1 or Multiple Options - If "Full Overhead Deep Squat" is selected, then the other options become unavailable. If not, then the user could select one or more of the remaining options. | I21: No Range - Specific Options | K21: 2 or more of Arms move forward of head, Pelvis not below the hips, Ankles Flare | L21: 1 or less of Arms move forward of head, Pelvis not below the hips, Ankles Flare | M21: Full Overhead Deep Squat | N21: N/A | O21: N/A | P21: N/A | Q21: Full Overhead Deep Squat | R21: Full Overhead Deep Squat=9, For each selection other than Full Overhead Deep Squat, minus 3 points. 1 Selection= 6, 2 Selections=3, 3 Selections=0 | S21: =K21 -> 2 or more of Arms move forward of head, Pelvis not below the hips, Ankles Flare | T21: 3 | U21: =L21 -> 1 or less of Arms move forward of head, Pelvis not below the hips, Ankles Flare | V21: 3 | W21: 9 | AA21: 9 | AB21: 9 | AC21: 9 | AE21: 2 or more of Arms move forward of head, Pelvis not below the hips, Ankles Flare | AF21: 1 or less of Arms move forward of head, Pelvis not below the hips, Ankles Flare | AG21: Full Overhead Deep Squat | AH21: N/A | AI21: N/A | AJ21: N/A | AK21: Full Overhead Deep Squat | AL21: Full Overhead Deep Squat=9, For each selection other than Full Overhead Deep Squat, minus 3 points. 1 Selection= 6, 2 Selections=3, 3 Selections=0 | AM21: =AE21 -> 2 or more of Arms move forward of head, Pelvis not below the hips, Ankles Flare | AN21: 3 | AO21: =AF21 -> 1 or less of Arms move forward of head, Pelvis not below the hips, Ankles Flare | AP21: 3 | AQ21: 9 | AU21: 9 | AV21: 9 | AW21: 9 | AY21: 2 or more of Arms move forward of head, Pelvis not below the hips, Ankles Flare | AZ21: 1 or less of Arms move forward of head, Pelvis not below the hips, Ankles Flare | BA21: Full Overhead Deep Squat | BB21: N/A | BC21: N/A | BD21: N/A | BE21: Full Overhead Deep Squat | BF21: Full Overhead Deep Squat=9, For each selection other than Full Overhead Deep Squat, minus 3 points. 1 Selection= 6, 2 Selections=3, 3 Selections=0 | BG21: =AY21 -> 2 or more of Arms move forward of head, Pelvis not below the hips, Ankles Flare | BH21: 3 | BI21: =AZ21 -> 1 or less of Arms move forward of head, Pelvis not below the hips, Ankles Flare | BJ21: 3 | BK21: 9 | BO21: 9 | BP21: 9 | BQ21: 9
B22: Mobility Medal Requirements | O22: If One Test meets Platium threshold | P22: If One Test meets Platium threshold and Toe Touch meets Silver threshold | Q22: If two tests meet platium threshold | R22: If all three tests meet platinum threshold | T22: =SUM(T19:T21) -> 3 | V22: =SUM(V19:V21) -> 10 | W22: =SUM(W19:W21) -> 21 | AA22: =SUM(AA19:AA21) -> 21 | AB22: =SUM(AB19:AB21) -> 21 | AC22: =SUM(AC19:AC21) -> 21 | AI22: If One Test meets Platium threshold | AJ22: If One Test meets Platium threshold and Toe Touch meets Silver threshold | AK22: If two tests meet platium threshold | AL22: If all three tests meet platinum threshold | AN22: =SUM(AN19:AN21) -> 3 | AP22: =SUM(AP19:AP21) -> 10 | AQ22: =SUM(AQ19:AQ21) -> 21 | AU22: =SUM(AU19:AU21) -> 21 | AV22: =SUM(AV19:AV21) -> 21 | AW22: =SUM(AW19:AW21) -> 21 | BB22: If One Test meets Platium threshold | BC22: If One Test meets Platium threshold and Toe Touch meets Silver threshold | BD22: If two tests meet platium threshold | BE22: If all three tests meet platinum threshold | BH22: =SUM(BH19:BH21) -> 3 | BJ22: =SUM(BJ19:BJ21) -> 10 | BK22: =SUM(BK19:BK21) -> 21 | BO22: =SUM(BO19:BO21) -> 21 | BP22: =SUM(BP19:BP21) -> 21 | BQ22: =SUM(BQ19:BQ21) -> 21
B23: Athletic Skills Category Totals | D23: ATHLETESCORE | T23: =SUM(T22,T18,T15,T13,T10) -> 109.09273 | V23: =SUM(V22,V18,V15,V13,V10) -> 146.08596 | W23: =SUM(W22,W18,W15,W13,W10) -> 216 | X23: 50 | Y23: =(T23/W23)*X23 -> 25.252947 | Z23: =(V23/W23)*X23 -> 33.816195 | AA23: =SUM(AA22,AA18,AA15,AA13,AA10) -> 165.09091 | AB23: =SUM(AB22,AB18,AB15,AB13,AB10) -> 175.71342 | AC23: =SUM(AC22,AC18,AC15,AC13,AC10) -> 189.68681 | AN23: =SUM(AN22,AN18,AN15,AN13,AN10) -> 109.075 | AP23: =SUM(AP22,AP18,AP15,AP13,AP10) -> 146.26314 | AQ23: =SUM(AQ22,AQ18,AQ15,AQ13,AQ10) -> 216 | AR23: 50 | AS23: =(AN23/AQ23)*AR23 -> 25.248843 | AT23: =(AP23/AQ23)*AR23 -> 33.857209 | AU23: =SUM(AU22,AU18,AU15,AU13,AU10) -> 165.21164 | AV23: =SUM(AV22,AV18,AV15,AV13,AV10) -> 175.87179 | AW23: =SUM(AW22,AW18,AW15,AW13,AW10) -> 188.86842 | BH23: =SUM(BH22,BH18,BH15,BH13,BH10) -> 114.25044 | BJ23: =SUM(BJ22,BJ18,BJ15,BJ13,BJ10) -> 160.05882 | BK23: =SUM(BK22,BK18,BK15,BK13,BK10) -> 226 | BL23: 50 | BM23: =(BH23/BK23)*BL23 -> 25.276646 | BN23: =(BJ23/BK23)*BL23 -> 35.411244 | BO23: =SUM(BO22,BO18,BO15,BO13,BO10) -> 178.85511 | BP23: =SUM(BP22,BP18,BP15,BP13,BP10) -> 188.40476 | BQ23: =SUM(BQ22,BQ18,BQ15,BQ13,BQ10) -> 199.85443
A24: Hitting | B24: Contact | C24: Tee Line Drive Test | D24: HC10LD | E24: Have the player attempt to hit line drives off a tee. Count how many the player can hit in a row with a maximum of 10. | F24: INPUT | H24: Number | I24: 0 - 10 | K24: 4 | L24: BETWEEN | M24: 7 | N24: 7 | O24: 8 | P24: 9 | Q24: 10 | R24: =D24 -> HC10LD | S24: =K24 -> 4 | T24: =S24 -> 4 | U24: =M24 -> 7 | V24: =U24 -> 7 | W24: 10 | AA24: =O24 -> 8 | AB24: =P24 -> 9 | AC24: =Q24 -> 10 | AE24: 4 | AF24: BETWEEN | AG24: 7 | AH24: 7 | AI24: 8 | AJ24: 9 | AK24: 10 | AL24: =D24 -> HC10LD | AM24: =AE24 -> 4 | AN24: =AM24 -> 4 | AO24: =AG24 -> 7 | AP24: =AO24 -> 7 | AQ24: 10 | AU24: =AI24 -> 8 | AV24: =AJ24 -> 9 | AW24: =AK24 -> 10 | AY24: 4 | AZ24: BETWEEN | BA24: 7 | BB24: 7 | BC24: 8 | BD24: 9 | BE24: 10 | BF24: =D24 -> HC10LD | BG24: =AY24 -> 4 | BH24: =BG24 -> 4 | BI24: =BA24 -> 7 | BJ24: =BI24 -> 7 | BK24: 10 | BO24: =BC24 -> 8 | BP24: =BD24 -> 9 | BQ24: =BE24 -> 10
B25: Power | C25: Max Exit Velo Tee | D25: HPTEV | E25: The player gets 3 attempts to max out their exit velo off a tee. | F25: INPUT - Exit Velo | G25: Separate Input for each of the 3 attempts | H25: MPH | I25: 0 MPH - 140 MPH | K25: 42 | L25: BETWEEN | M25: 51 | N25: 51 | O25: 54 | P25: 58 | Q25: 62 | R25: HPTEV/5 | S25: =K25 -> 42 | T25: =S25/5 -> 8.4 | U25: =M25 -> 51 | V25: =U25/5 -> 10.2 | W25: 15 | AA25: =O25/5 -> 10.8 | AB25: =P25/5 -> 11.6 | AC25: =Q25/5 -> 12.4 | AE25: 44 | AF25: BETWEEN | AG25: 53 | AH25: 53 | AI25: 56 | AJ25: 60 | AK25: 64 | AL25: HPTEV/5 | AM25: =AE25 -> 44 | AN25: =AM25/5 -> 8.8 | AO25: =AG25 -> 53 | AP25: =AO25/5 -> 10.6 | AQ25: 15 | AU25: =AI25/5 -> 11.2 | AV25: =AJ25/5 -> 12 | AW25: =AK25/5 -> 12.8 | AY25: 44 | AZ25: BETWEEN | BA25: 53 | BB25: 53 | BC25: 55 | BD25: 59 | BE25: 62 | BF25: HPTEV/5 | BG25: =AY25 -> 44 | BH25: =BG25/5 -> 8.8 | BI25: =BA25 -> 53 | BJ25: =BI25/5 -> 10.6 | BK25: 15 | BO25: =BC25/5 -> 11 | BP25: =BD25/5 -> 11.8 | BQ25: =BE25/5 -> 12.4
B26: Contact and Power | C26: 10 Swing Fastball Matrix | D26: H10FAST | E26: With live pitching or a machine, have the player take 10 swings on fastballs. The player can choose the 10 pitches. If the player swings and misses, they get 0 points. If the player hits a foul ball, foul tip, or weak infield ball, they get 1 point. If the player hits a ball that would roll past the infielders or a fly ball that could be caught by an infielder, they get 2 points. If the player hits a hard grounder or fly ball, they get 3 points. Balls that fly over the outfielders or hard gap/line hits will get 4 points. The player can get 5 points for a no-doubt home run. | F26: SELECT Miss, Foul, Weak Infield, Ground Ball, Hard Ground Ball, Fly Ball, Hard Gap or Line, Home Run, INPUT Exit Velo | G26: Separate Entry for each of the 10 Swings | H26: Selection and MPH | I26: 0 Points - 50 Points | K26: 17 | L26: BETWEEN | M26: 25 | N26: 25 | O26: 26 | P26: 28 | Q26: 30 | R26: =D26 -> H10FAST | S26: =K26 -> 17 | T26: =S26 -> 17 | U26: =M26 -> 25 | V26: =U26 -> 25 | W26: 50 | AA26: =O26 -> 26 | AB26: =P26 -> 28 | AC26: =Q26 -> 30 | AE26: 18 | AF26: BETWEEN | AG26: 27 | AH26: 27 | AI26: 28 | AJ26: 30 | AK26: 32 | AL26: =D26 -> H10FAST | AM26: =AE26 -> 18 | AN26: =AM26 -> 18 | AO26: =AG26 -> 27 | AP26: =AO26 -> 27 | AQ26: 50 | AU26: =AI26 -> 28 | AV26: =AJ26 -> 30 | AW26: =AK26 -> 32 | AY26: 19 | AZ26: BETWEEN | BA26: 28 | BB26: 28 | BC26: 29 | BD26: 31 | BE26: 34 | BF26: =D26 -> H10FAST | BG26: =AY26 -> 19 | BH26: =BG26 -> 19 | BI26: =BA26 -> 28 | BJ26: =BI26 -> 28 | BK26: 50 | BO26: =BC26 -> 29 | BP26: =BD26 -> 31 | BQ26: =BE26 -> 34
B27: Contact | C27: 5 Swing Varied Speed | D27: H5VSPD | E27: With live pitching or a machine, have the player take 5 swings on off-speed pitches. The player can choose the 5 pitches. Pitches in this test should vary from a full speed fastball to a very slow change-up. If the player swings and misses, they get 0 points. If the player hits a foul ball, foul tip, or weak infield ball, they get 1 point. If the player hits a ball that would roll past the infielders or a fly ball that could be caught by an infielder, they get 2 points. If the player hits a hard grounder or fly ball, they get 3 points. Balls that fly over the outfielders or hard gap/line hits will get 4 points. The player can get 5 points for a no-doubt home run. | F27: SELECT Miss, Foul, Weak Infield, Ground Ball, Hard Ground Ball, Fly Ball, Hard Gap or Line, Home Run, INPUT Exit Velo | G27: Separate Entry for each of the 5 Swings | H27: Selection and MPH | I27: 0 Points - 25 Points | K27: 6 | L27: BETWEEN | M27: 12 | N27: 12 | O27: 13 | P27: 14 | Q27: 15 | R27: H5VSPD | S27: =K27 -> 6 | T27: =S27 -> 6 | U27: =M27 -> 12 | V27: =U27 -> 12 | W27: 25 | AA27: =O27 -> 13 | AB27: =P27 -> 14 | AC27: =Q27 -> 15 | AE27: 7 | AF27: BETWEEN | AG27: 13 | AH27: 13 | AI27: 14 | AJ27: 15 | AK27: 18 | AL27: H5VSPD | AM27: =AE27 -> 7 | AN27: =AM27 -> 7 | AO27: =AG27 -> 13 | AP27: =AO27 -> 13 | AQ27: 25 | AU27: =AI27 -> 14 | AV27: =AJ27 -> 15 | AW27: =AK27 -> 18 | AY27: 8 | AZ27: BETWEEN | BA27: 14 | BB27: 14 | BC27: 15 | BD27: 16 | BE27: 18 | BF27: =D27 -> H5VSPD | BG27: =AY27 -> 8 | BH27: =BG27 -> 8 | BI27: =BA27 -> 14 | BJ27: =BI27 -> 14 | BK27: 25 | BO27: =BC27 -> 15 | BP27: =BD27 -> 16 | BQ27: =BE27 -> 18
B28: Power | C28: Max Bat Speed | D28: HPBS | E28: Have the player make dry swings with their game bat in front of a radar and measure the maximum bat speed. The player gets 3 attempts. | F28: INPUT | G28: Separate Input for each of the 3 attempts | H28: MPH | I28: 0 MPH - 120 MPH | K28: 40 | L28: BETWEEN | M28: 48 | N28: 48 | O28: 50 | P28: 52 | Q28: 56 | R28: HBSPEED/4 | S28: =K28 -> 40 | T28: =S28/4 -> 10 | U28: =M28 -> 48 | V28: =U28/4 -> 12 | W28: 18 | AA28: =O28/4 -> 12.5 | AB28: =P28/4 -> 13 | AC28: =Q28/4 -> 14 | AE28: 41 | AF28: BETWEEN | AG28: 49 | AH28: 49 | AI28: 51 | AJ28: 54 | AK28: 58 | AL28: HBSPEED/4 | AM28: =AE28 -> 41 | AN28: =AM28/4 -> 10.25 | AO28: =AG28 -> 49 | AP28: =AO28/4 -> 12.25 | AQ28: 18 | AU28: =AI28/4 -> 12.75 | AV28: =AJ28/4 -> 13.5 | AW28: =AK28/4 -> 14.5 | AY28: 42 | AZ28: BETWEEN | BA28: 51 | BB28: 51 | BC28: 54 | BD28: 56 | BE28: 60 | BF28: HBSPEED/4 | BG28: =AY28 -> 42 | BH28: =BG28/4 -> 10.5 | BI28: =BA28 -> 51 | BJ28: =BI28/4 -> 12.75 | BK28: 18 | BO28: =BC28/4 -> 13.5 | BP28: =BD28/4 -> 14 | BQ28: =BE28/4 -> 15
B29: Hitting Contact Medal Requirements | D29: CONTACTSCORE | N29: Must meet thresholds for HC10LD, H10FAST, and H5VSPD | T29: =SUM(T27+T26+T24) -> 27 | V29: =SUM(V27+V26+V24) -> 44 | W29: =SUM(W27+W26+W24) -> 85 | AA29: =SUM(AA27+AA26+AA24) -> 47 | AB29: =SUM(AB27+AB26+AB24) -> 51 | AC29: =SUM(AC27+AC26+AC24) -> 55 | AH29: Must meet thresholds for HC10LD, H10FAST, and H5VSPD | AN29: =SUM(AN27+AN26+AN24) -> 29 | AP29: =SUM(AP27+AP26+AP24) -> 47 | AQ29: =SUM(AQ27+AQ26+AQ24) -> 85 | AU29: =SUM(AU27+AU26+AU24) -> 50 | AV29: =SUM(AV27+AV26+AV24) -> 54 | AW29: =SUM(AW27+AW26+AW24) -> 60 | BB29: Must meet thresholds for HC10LD, H10FAST, and H5VSPD | BH29: =SUM(BH27+BH26+BH24) -> 31 | BJ29: =SUM(BJ27+BJ26+BJ24) -> 49 | BK29: =SUM(BK27+BK26+BK24) -> 85 | BO29: =SUM(BO27+BO26+BO24) -> 52 | BP29: =SUM(BP27+BP26+BP24) -> 56 | BQ29: =SUM(BQ27+BQ26+BQ24) -> 62
B30: Hitting Power Medal Requirements | D30: HITPOWERSCORE | N30: Must meed thresholds for HC10LD, H10FAST, and HPBS | T30: =SUM(T28+T26+T25) -> 35.4 | V30: =SUM(V28+V26+V25) -> 47.2 | W30: =SUM(W28+W26+W25) -> 83 | AA30: =SUM(AA28+AA26+AA25) -> 49.3 | AB30: =SUM(AB28+AB26+AB25) -> 52.6 | AC30: =SUM(AC28+AC26+AC25) -> 56.4 | AH30: Must meed thresholds for HC10LD, H10FAST, and HPBS | AN30: =SUM(AN28+AN26+AN25) -> 37.05 | AP30: =SUM(AP28+AP26+AP25) -> 49.85 | AQ30: =SUM(AQ28+AQ26+AQ25) -> 83 | AU30: =SUM(AU28+AU26+AU25) -> 51.95 | AV30: =SUM(AV28+AV26+AV25) -> 55.5 | AW30: =SUM(AW28+AW26+AW25) -> 59.3 | BB30: Must meed thresholds for HC10LD, H10FAST, and HPBS | BH30: =SUM(BH28+BH26+BH25) -> 38.3 | BJ30: =SUM(BJ28+BJ26+BJ25) -> 51.35 | BK30: =SUM(BK28+BK26+BK25) -> 83 | BO30: =SUM(BO28+BO26+BO25) -> 53.5 | BP30: =SUM(BP28+BP26+BP25) -> 56.8 | BQ30: =SUM(BQ28+BQ26+BQ25) -> 61.4
B31: Hitting Category Totals | D31: HITSCORE | T31: =SUM(T24:T28) -> 45.4 | V31: =SUM(V24:V28) -> 66.2 | W31: =SUM(W24:W28) -> 118 | X31: 50 | Y31: =(T31/W31)*X31 -> 19.237288 | Z31: =(V31/W31)*X31 -> 28.050847 | AA31: =SUM(AA24:AA28) -> 70.3 | AB31: =SUM(AB24:AB28) -> 75.6 | AC31: =SUM(AC24:AC28) -> 81.4 | AN31: =SUM(AN24:AN28) -> 48.05 | AP31: =SUM(AP24:AP28) -> 69.85 | AQ31: =SUM(AQ24:AQ28) -> 118 | AR31: 50 | AS31: =(AN31/AQ31)*AR31 -> 20.360169 | AT31: =(AP31/AQ31)*AR31 -> 29.597458 | AU31: =SUM(AU24:AU28) -> 73.95 | AV31: =SUM(AV24:AV28) -> 79.5 | AW31: =SUM(AW24:AW28) -> 87.3 | BH31: =SUM(BH24:BH28) -> 50.3 | BJ31: =SUM(BJ24:BJ28) -> 72.35 | BK31: =SUM(BK24:BK28) -> 118 | BL31: 50 | BM31: =(BH31/BK31)*BL31 -> 21.313559 | BN31: =(BJ31/BK31)*BL31 -> 30.65678 | BO31: =SUM(BO24:BO28) -> 76.5 | BP31: =SUM(BP24:BP28) -> 81.8 | BQ31: =SUM(BQ24:BQ28) -> 89.4
A32: Position Specific | B32: Pitcher | C32: Max Pitch Velo | D32: TSPEED | E32: Have the player throw 5 pitches from 60ft, 6 Inches trying to max out their Velocity. | F32: INPUT | G32: Separate Input for each of the 5 attempts | H32: MPH | I32: 0 MPH - 120 MPH | K32: 40 | L32: 41-51 | M32: 52 | N32: 52 | O32: 56 | P32: 60 | Q32: 64 | R32: TSPEED/2 | S32: =K32 -> 40 | T32: =S32/2 -> 20 | U32: =M32 -> 52 | V32: =U32/2 -> 26 | W32: =70/2 -> 35 | AA32: =O32/2 -> 28 | AB32: =P32/2 -> 30 | AC32: =Q32/2 -> 32 | AE32: 43 | AF32: 44-54 | AG32: 55 | AH32: 55 | AI32: 60 | AJ32: 64 | AK32: 68 | AL32: TSPEED/2 | AM32: =AE32 -> 43 | AN32: =AM32/2 -> 21.5 | AO32: =AG32 -> 55 | AP32: =AO32/2 -> 27.5 | AQ32: =75/2 -> 37.5 | AU32: =AI32/2 -> 30 | AV32: =AJ32/2 -> 32 | AW32: =AK32/2 -> 34 | AY32: 45 | AZ32: 46-56 | BA32: 57 | BB32: 57 | BC32: 62 | BD32: 66 | BE32: 70 | BF32: TSPEED/2 | BG32: =AY32 -> 45 | BH32: =BG32/2 -> 22.5 | BI32: =BA32 -> 57 | BJ32: =BI32/2 -> 28.5 | BK32: =80/2 -> 40 | BO32: =BC32/2 -> 31 | BP32: =BD32/2 -> 33 | BQ32: =BE32/2 -> 35
B33: Pitcher | C33: 20 Pitch Test | D33: TPITCH2060 | E33: Have the player pitch toward a 9-slot pitching target from 60ft, 6 inches. Before each pitch, the player should "call his shot" for the specific slot he is aiming at. The player gets 0 points if they miss the target, 1 point if they hit the target, but not in the chosen slot, and 3 points for hitting the called section of the target. | F33: SELECT Missed Target, Hit General Target, Hit Specific Section | G33: Separate Entry for each of the 20 pitches | H33: Selection | I33: 0 Points - 60 Points | K33: 12 | L33: 13-28 | M33: 29 | N33: 29 | O33: 32 | P33: 36 | Q33: 40 | R33: =D33 -> TPITCH2060 | S33: =K33 -> 12 | T33: =S33 -> 12 | U33: =M33 -> 29 | V33: =U33 -> 29 | W33: 60 | AA33: =O33 -> 32 | AB33: =P33 -> 36 | AC33: =Q33 -> 40 | AE33: 16 | AF33: 17-32 | AG33: 33 | AH33: 33 | AI33: 37 | AJ33: 40 | AK33: 43 | AL33: =D33 -> TPITCH2060 | AM33: =AE33 -> 16 | AN33: =AM33 -> 16 | AO33: =AG33 -> 33 | AP33: =AO33 -> 33 | AQ33: 60 | AU33: =AI33 -> 37 | AV33: =AJ33 -> 40 | AW33: =AK33 -> 43 | AY33: 17 | AZ33: 18-34 | BA33: 35 | BB33: 35 | BC33: 38 | BD33: 41 | BE33: 44 | BF33: =D33 -> TPITCH2060 | BG33: =AY33 -> 17 | BH33: =BG33 -> 17 | BI33: =BA33 -> 35 | BJ33: =BI33 -> 35 | BK33: 60 | BO33: =BC33 -> 38 | BP33: =BD33 -> 41 | BQ33: =BE33 -> 44
B34: Pitching Speed Medal Requirement | N34: Must Meet the Threshold for TSPEED | AH34: Must Meet the Threshold for TSPEED | BB34: Must Meet the Threshold for TSPEED
B35: Pitching Accuracy Medal Requirement | N35: Must Meet the Requirement for TPITCH10 | AH35: Must Meet the Requirement for TPITCH10 | BB35: Must Meet the Requirement for TPITCH10
B36: Pitching Category Totals | D36: PITCHSCORE | T36: =SUM(T32:T33) -> 32 | V36: =SUM(V32:V33) -> 55 | W36: =SUM(W32:W33) -> 95 | X36: 50 | Y36: =(T36/W36)*X36 -> 16.842105 | Z36: =(V36/W36)*X36 -> 28.947368 | AA36: =SUM(AA32:AA33) -> 60 | AB36: =SUM(AB32:AB33) -> 66 | AC36: =SUM(AC32:AC33) -> 72 | AN36: =SUM(AN32:AN33) -> 37.5 | AP36: =SUM(AP32:AP33) -> 60.5 | AQ36: =SUM(AQ32:AQ33) -> 97.5 | AR36: 50 | AS36: =(AN36/AQ36)*AR36 -> 19.230769 | AT36: =(AP36/AQ36)*AR36 -> 31.025641 | AU36: =SUM(AU32:AU33) -> 67 | AV36: =SUM(AV32:AV33) -> 72 | AW36: =SUM(AW32:AW33) -> 77 | BH36: =SUM(BH32:BH33) -> 39.5 | BJ36: =SUM(BJ32:BJ33) -> 63.5 | BK36: =SUM(BK32:BK33) -> 100 | BL36: 50 | BM36: =(BH36/BK36)*BL36 -> 19.75 | BN36: =(BJ36/BK36)*BL36 -> 31.75 | BO36: =SUM(BO32:BO33) -> 69 | BP36: =SUM(BP32:BP33) -> 74 | BQ36: =SUM(BQ32:BQ33) -> 79
B37: Catcher | C37: 10 Pitch Catcher Screen | D37: C10PCS | E37: Have the catcher set up to catch a live pitcher or machine. Have the player catch 10 pitches. 6 pitches should be pretty standard strikes in the zone. 2 should be balls outside the zone, and 2 should be in the dirt in front of the player. The player gets 0 points for a passed ball, 1 point for a blocked ball that stays in front of them, and 2 points for a catch or scoop. | F37: SELECT Pitch Type - In the Zone, Outside the Zone, In the Dirt, SELECT Passed Ball, Blocked Ball, Catch, Scoop | G37: Separate Entry for each of the 10 pitches | H37: Multiple Selections | I37: 0 Points - 20 Points | K37: 6 | L37: 7.0-13 | M37: 14 | N37: 14 | O37: 15 | P37: 16 | Q37: 18 | R37: =D37 -> C10PCS | S37: =K37 -> 6 | T37: =S37 -> 6 | U37: =M37 -> 14 | V37: =U37 -> 14 | W37: 20 | AA37: =O37 -> 15 | AB37: =P37 -> 16 | AC37: =Q37 -> 18 | AE37: 6 | AF37: 7.0-13 | AG37: 14 | AH37: 14 | AI37: 15 | AJ37: 16 | AK37: 18 | AL37: =D37 -> C10PCS | AM37: =AE37 -> 6 | AN37: =AM37 -> 6 | AO37: =AG37 -> 14 | AP37: =AO37 -> 14 | AQ37: 20 | AU37: =AI37 -> 15 | AV37: =AJ37 -> 16 | AW37: =AK37 -> 18 | AY37: 6 | AZ37: 7.0-13 | BA37: 14 | BB37: 14 | BC37: 15 | BD37: 16 | BE37: 18 | BF37: =D37 -> C10PCS | BG37: =AY37 -> 6 | BH37: =BG37 -> 6 | BI37: =BA37 -> 14 | BJ37: =BI37 -> 14 | BK37: 20 | BO37: =BC37 -> 15 | BP37: =BD37 -> 16 | BQ37: =BE37 -> 18
B38: Catcher | C38: Timed throw to 2B | D38: CT2BT | E38: Have the catcher receive a pitch a then throw it to second base. There can be a target or player at second base. Time the player from the time the ball crosses the plate to the time the ball reaches second base. | F38: INPUT with optional stopwatch | H38: Time - Seconds to the hundreth | I38: .5 seconds - 6 seconds | K38: 2.51 | L38: 2.51-1.61 | M38: 1.6 | N38: 1.6 | O38: 1.55 | P38: 1.5 | Q38: 1.45 | R38: (5-CB2BT)*4 | S38: =K38 -> 2.51 | T38: =(5-S38)*4 -> 9.96 | U38: =M38 -> 1.6 | V38: =(5-U38)*4 -> 13.6 | W38: 15 | AA38: =(5-O38)*4 -> 13.8 | AB38: =(5-P38)*4 -> 14 | AC38: =(5-Q38)*4 -> 14.2 | AE38: 2.4 | AF38: 2.39-1.51 | AG38: 1.5 | AH38: 1.5 | AI38: 1.45 | AJ38: 1.4 | AK38: 1.25 | AL38: (5-CB2BT)*4 | AM38: =AE38 -> 2.4 | AN38: =(5-AM38)*4 -> 10.4 | AO38: =AG38 -> 1.5 | AP38: =(5-AO38)*4 -> 14 | AQ38: 15 | AU38: =(5-AI38)*4 -> 14.2 | AV38: =(5-AJ38)*4 -> 14.4 | AW38: =(5-AK38)*4 -> 15 | AY38: 2.4 | AZ38: 2.39-1.51 | BA38: 1.5 | BB38: 1.5 | BC38: 1.45 | BD38: 1.4 | BE38: 1.25 | BF38: (5-CB2BT)*4 | BG38: =AY38 -> 2.4 | BH38: =(5-BG38)*4 -> 10.4 | BI38: =BA38 -> 1.5 | BJ38: =(5-BI38)*4 -> 14 | BK38: 15 | BO38: =(5-BC38)*4 -> 14.2 | BP38: =(5-BD38)*4 -> 14.4 | BQ38: =(5-BE38)*4 -> 15
B39: Catcher | C39: Target Throw 2B | D39: CTTT2B | E39: Have the catcher receive 5 pitches and then throw it to 2B. The player gets one point for catching the ball and making a throw, and 3 points for hitting the target. | F39: SELECT No Catch, Throw Missed Target, Throw Hit Target | G39: Separate Entry for each of the 5 pitches | H39: Selection | I39: 0 Points - 15 Points | K39: 4 | L39: 5.0-8 | M39: 9 | N39: 9 | O39: 10 | P39: 12 | Q39: 14 | R39: =D39 -> CTTT2B | S39: =K39 -> 4 | T39: =S39 -> 4 | U39: =M39 -> 9 | V39: =U39 -> 9 | W39: 15 | AA39: =O39 -> 10 | AB39: =P39 -> 12 | AC39: =Q39 -> 14 | AE39: 4 | AF39: 5.0-8 | AG39: 9 | AH39: 9 | AI39: 10 | AJ39: 12 | AK39: 14 | AL39: =D39 -> CTTT2B | AM39: =AE39 -> 4 | AN39: =AM39 -> 4 | AO39: =AG39 -> 9 | AP39: =AO39 -> 9 | AQ39: 15 | AU39: =AI39 -> 10 | AV39: =AJ39 -> 12 | AW39: =AK39 -> 14 | AY39: 5 | AZ39: 6.0-9 | BA39: 10 | BB39: 10 | BC39: 11 | BD39: 13 | BE39: 15 | BF39: =D39 -> CTTT2B | BG39: =AY39 -> 5 | BH39: =BG39 -> 5 | BI39: =BA39 -> 10 | BJ39: =BI39 -> 10 | BK39: 15 | BO39: =BC39 -> 11 | BP39: =BD39 -> 13 | BQ39: =BE39 -> 15
B40: Catcher Medal Requirements | N40: Must Meet the Thresholds for CT2BT and C10PCS | AH40: Must Meet the Thresholds for CT2BT and C10PCS | BB40: Must Meet the Thresholds for CT2BT and C10PCS
B41: Catcher Category Totals | D41: CATCHERSCORE | T41: =SUM(T37:T39) -> 19.96 | V41: =SUM(V37:V39) -> 36.6 | W41: =SUM(W37:W39) -> 50 | X41: 50 | Y41: =(T41/W41)*X41 -> 19.96 | Z41: =(V41/W41)*X41 -> 36.6 | AA41: =SUM(AA37:AA39) -> 38.8 | AB41: =SUM(AB37:AB39) -> 42 | AC41: =SUM(AC37:AC39) -> 46.2 | AN41: =SUM(AN37:AN39) -> 20.4 | AP41: =SUM(AP37:AP39) -> 37 | AQ41: =SUM(AQ37:AQ39) -> 50 | AR41: 50 | AS41: =(AN41/AQ41)*AR41 -> 20.4 | AT41: =(AP41/AQ41)*AR41 -> 37 | AU41: =SUM(AU37:AU39) -> 39.2 | AV41: =SUM(AV37:AV39) -> 42.4 | AW41: =SUM(AW37:AW39) -> 47 | BH41: =SUM(BH37:BH39) -> 21.4 | BJ41: =SUM(BJ37:BJ39) -> 38 | BK41: =SUM(BK37:BK39) -> 50 | BL41: 50 | BM41: =(BH41/BK41)*BL41 -> 21.4 | BN41: =(BJ41/BK41)*BL41 -> 38 | BO41: =SUM(BO37:BO39) -> 40.2 | BP41: =SUM(BP37:BP39) -> 43.4 | BQ41: =SUM(BQ37:BQ39) -> 48
B42: First Base | C42: 10 Catch 1B | D42: C101B | E42: Have the player set up at first base to take throws from ShortStop. Have a machine or player throw 5 balls at the player. 3 should be good throws and 2 should be high, low, or to the sides of the player. The player gets 0 points for a missed catch that gets by, 1 point for a blocked ball , and 3 points for a catch with the foot on the bag. | F42: SELECT Throw Type - Good or Hard, INPUT Miss, Blocked, or Catch | G42: Separate Entry for each of the 10 throws | H42: Multiple Selections | I42: 0 Points - 30 Points | K42: 5 | L42: 6.0-15 | M42: 16 | N42: 16 | O42: 18 | P42: 20 | Q42: 24 | R42: =D42 -> C101B | S42: =K42 -> 5 | T42: =S42 -> 5 | U42: =M42 -> 16 | V42: =U42 -> 16 | W42: 30 | AA42: =O42 -> 18 | AB42: =P42 -> 20 | AC42: =Q42 -> 24 | AE42: 5 | AF42: 6.0-15 | AG42: 16 | AH42: 16 | AI42: 18 | AJ42: 20 | AK42: 24 | AL42: =D42 -> C101B | AM42: =AE42 -> 5 | AN42: =AM42 -> 5 | AO42: =AG42 -> 16 | AP42: =AO42 -> 16 | AQ42: 30 | AU42: =AI42 -> 18 | AV42: =AJ42 -> 20 | AW42: =AK42 -> 24 | AY42: 5 | AZ42: 6.0-16 | BA42: 17 | BB42: 17 | BC42: 19 | BD42: 21 | BE42: 25 | BF42: =D42 -> C101B | BG42: =AY42 -> 5 | BH42: =BG42 -> 5 | BI42: =BA42 -> 17 | BJ42: =BI42 -> 17 | BK42: 30 | BO42: =BC42 -> 19 | BP42: =BD42 -> 21 | BQ42: =BE42 -> 25
B43: First Base | C43: Scoops Test | D43: C1BST | E43: Have a machine or player stand 40ft from first base. Throw 5 balls short of the player that the first baseman must scoop. The player gets 0 points for a missed catch that gets by, 1 point for a blocked ball, and 3 points for a scoop with the foot on the bag. | F43: SELECT Miss, Blocked Ball, Catch | G43: Separate Entry for each of the 10 throws | H43: Selection | I43: 0 Points - 15 Points | K43: 2 | L43: 3.0-7 | M43: 8 | N43: 8 | O43: 9 | P43: 10 | Q43: 12 | R43: =D43 -> C1BST | S43: =K43 -> 2 | T43: =S43 -> 2 | U43: =M43 -> 8 | V43: =U43 -> 8 | W43: 15 | AA43: =O43 -> 9 | AB43: =P43 -> 10 | AC43: =Q43 -> 12 | AE43: 2 | AF43: 3.0-7 | AG43: 8 | AH43: 8 | AI43: 9 | AJ43: 10 | AK43: 12 | AL43: =D43 -> C1BST | AM43: =AE43 -> 2 | AN43: =AM43 -> 2 | AO43: =AG43 -> 8 | AP43: =AO43 -> 8 | AQ43: 15 | AU43: =AI43 -> 9 | AV43: =AJ43 -> 10 | AW43: =AK43 -> 12 | AY43: 2 | AZ43: 3.0-7 | BA43: 8 | BB43: 8 | BC43: 9 | BD43: 10 | BE43: 12 | BF43: =D43 -> C1BST | BG43: =AY43 -> 2 | BH43: =BG43 -> 2 | BI43: =BA43 -> 8 | BJ43: =BI43 -> 8 | BK43: 15 | BO43: =BC43 -> 9 | BP43: =BD43 -> 10 | BQ43: =BE43 -> 12
B44: First Base | C44: First Base R/L/C Grounders | D44: RLC1B | E44: Hit a total of 6 ground balls to the player at first base. 2 will be to the center, 2 will make the player move at least 10 feet to the right, and 2 will make the player move at least 10 feet to the left. The player will get 0 points if they fail to field the ground ball, and 2 points if they field the ball and run to touch first base. | F44: SELECT - Right, Center, Left, SELECT - Didn't Field, Fielded but Missed Target, Fielded and Hit Target | G44: Separate Entry for each of the 6 grounders | H44: Multiple Selections | I44: 0 Points - 12 Points | K44: 4 | L44: 5.0-8 | M44: 9 | N44: 9 | O44: 10 | P44: 11 | Q44: 12 | R44: =D44 -> RLC1B | S44: =K44 -> 4 | T44: =S44 -> 4 | U44: =M44 -> 9 | V44: =U44 -> 9 | W44: 12 | AA44: =O44 -> 10 | AB44: =P44 -> 11 | AC44: =Q44 -> 12 | AE44: 4 | AF44: 5.0-8 | AG44: 9 | AH44: 9 | AI44: 10 | AJ44: 11 | AK44: 12 | AL44: =D44 -> RLC1B | AM44: =AE44 -> 4 | AN44: =AM44 -> 4 | AO44: =AG44 -> 9 | AP44: =AO44 -> 9 | AQ44: 12 | AU44: =AI44 -> 10 | AV44: =AJ44 -> 11 | AW44: =AK44 -> 12 | AY44: 4 | AZ44: 5.0-8 | BA44: 9 | BB44: 9 | BC44: 10 | BD44: 11 | BE44: 12 | BF44: =D44 -> RLC1B | BG44: =AY44 -> 4 | BH44: =BG44 -> 4 | BI44: =BA44 -> 9 | BJ44: =BI44 -> 9 | BK44: 12 | BO44: =BC44 -> 10 | BP44: =BD44 -> 11 | BQ44: =BE44 -> 12
B45: First Base | C45: Flys | D45: FBFLY | E45: Hit 3 fly balls to the first base side. These can be into foul territory, behind the player or in front of the player. The player gets 2 points for each catch and 0 for each miss. | F45: SELECT - Miss, Catch | G45: Separate Entry for each of the 3 fly balls | H45: Selection | I45: 0 Points - 6 Points | K45: 0 | L45: 1.0-3 | M45: 4 | N45: 4 | O45: 4 | P45: 4 | Q45: 6 | R45: =D45 -> FBFLY | S45: =K45 -> 0 | T45: =S45 -> 0 | U45: =M45 -> 4 | V45: =U45 -> 4 | W45: 6 | AA45: =O45 -> 4 | AB45: =P45 -> 4 | AC45: =Q45 -> 6 | AE45: 0 | AF45: 1.0-3 | AG45: 4 | AH45: 4 | AI45: 4 | AJ45: 4 | AK45: 6 | AL45: =D45 -> FBFLY | AM45: =AE45 -> 0 | AN45: =AM45 -> 0 | AO45: =AG45 -> 4 | AP45: =AO45 -> 4 | AQ45: 6 | AU45: =AI45 -> 4 | AV45: =AJ45 -> 4 | AW45: =AK45 -> 6 | AY45: 0 | AZ45: 1.0-3 | BA45: 4 | BB45: 4 | BC45: 4 | BD45: 4 | BE45: 6 | BF45: =D45 -> FBFLY | BG45: =AY45 -> 0 | BH45: =BG45 -> 0 | BI45: =BA45 -> 4 | BJ45: =BI45 -> 4 | BK45: 6 | BO45: =BC45 -> 4 | BP45: =BD45 -> 4 | BQ45: =BE45 -> 6
B46: First Base | C46: Line Drives | D46: FBLD | E46: Hit 3 line drives to the player at first base. The player gets 2 points for a catch and 0 for a miss. | F46: SELECT - Miss, Catch | G46: Separate Entry for each of the 3 Line Drives | H46: Selection | I46: 0 Points - 6 Points | K46: 0 | L46: 1.0-3 | M46: 4 | N46: 4 | O46: 4 | P46: 4 | Q46: 6 | R46: =D46 -> FBLD | S46: =K46 -> 0 | T46: =S46 -> 0 | U46: =M46 -> 4 | V46: =U46 -> 4 | W46: 6 | AA46: =O46 -> 4 | AB46: =P46 -> 4 | AC46: =Q46 -> 6 | AE46: 0 | AF46: 1.0-3 | AG46: 4 | AH46: 4 | AI46: 4 | AJ46: 4 | AK46: 6 | AL46: =D46 -> FBLD | AM46: =AE46 -> 0 | AN46: =AM46 -> 0 | AO46: =AG46 -> 4 | AP46: =AO46 -> 4 | AQ46: 6 | AU46: =AI46 -> 4 | AV46: =AJ46 -> 4 | AW46: =AK46 -> 6 | AY46: 0 | AZ46: 1.0-3 | BA46: 4 | BB46: 4 | BC46: 4 | BD46: 4 | BE46: 6 | BF46: =D46 -> FBLD | BG46: =AY46 -> 0 | BH46: =BG46 -> 0 | BI46: =BA46 -> 4 | BJ46: =BI46 -> 4 | BK46: 6 | BO46: =BC46 -> 4 | BP46: =BD46 -> 4 | BQ46: =BE46 -> 6
B47: First Base Medal Requirements | N47: Must Meet Thresholds for C101B and C1BST | AH47: Must Meet Thresholds for C101B and C1BST | BB47: Must Meet Thresholds for C101B and C1BST
B48: Frist Base Category Totals | D48: 1BSCORE | T48: =SUM(T42:T46) -> 11 | V48: =SUM(V42:V46) -> 41 | W48: =SUM(W42:W46) -> 69 | X48: 50 | Y48: =(T48/W48)*X48 -> 7.9710145 | Z48: =(V48/W48)*X48 -> 29.710145 | AA48: =SUM(AA42:AA46) -> 45 | AB48: =SUM(AB42:AB46) -> 49 | AC48: =SUM(AC42:AC46) -> 60 | AN48: =SUM(AN42:AN46) -> 11 | AP48: =SUM(AP42:AP46) -> 41 | AQ48: =SUM(AQ42:AQ46) -> 69 | AR48: 50 | AS48: =(AN48/AQ48)*AR48 -> 7.9710145 | AT48: =(AP48/AQ48)*AR48 -> 29.710145 | AU48: =SUM(AU42:AU46) -> 45 | AV48: =SUM(AV42:AV46) -> 49 | AW48: =SUM(AW42:AW46) -> 60 | BH48: =SUM(BH42:BH46) -> 11 | BJ48: =SUM(BJ42:BJ46) -> 42 | BK48: =SUM(BK42:BK46) -> 69 | BL48: 50 | BM48: =(BH48/BK48)*BL48 -> 7.9710145 | BN48: =(BJ48/BK48)*BL48 -> 30.434783 | BO48: =SUM(BO42:BO46) -> 46 | BP48: =SUM(BP42:BP46) -> 50 | BQ48: =SUM(BQ42:BQ46) -> 61
B49: Middle Infield (2B, SS, 3B) | C49: R/L/C Grounders 2B | D49: RLCG2B | E49: Hit 6 ground balls to the player at 2B. 2 should be at the player, 2 should make the player move at least 10ft to the right, and 2 should make the player move at least 10ft to the left. The player should not know what direction is coming. The player gets 1 point for fielding the ball cleanly and 2 points if they field it cleanly and hit the target at first base. | F49: SELECT - Right, Center, Left, SELECT - Didn't Field, Fielded but Missed Target, Fielded and Hit Target | G49: Separate Entry for each of the 6 grounders | H49: Multiple Selections | I49: 0 Points - 12 Points | K49: 4 | L49: BETWEEN | M49: 8 | N49: 24 | O49: 26 | P49: 28 | Q49: 30 | R49: =$D49 -> RLCG2B | S49: =K49 -> 4 | T49: =S49 -> 4 | U49: =M49 -> 8 | V49: =U49 -> 8 | W49: 12 | AA49: 9 | AB49: 10 | AC49: 11 | AE49: 4 | AF49: BETWEEN | AG49: 9 | AH49: 25 | AI49: 27 | AJ49: 30 | AK49: 32 | AL49: =$D49 -> RLCG2B | AM49: =AE49 -> 4 | AN49: =AM49 -> 4 | AO49: =AG49 -> 9 | AP49: =AO49 -> 9 | AQ49: 12 | AU49: 10 | AV49: 11 | AW49: 11 | AY49: 6 | AZ49: BETWEEN | BA49: 10 | BB49: 28 | BC49: 30 | BD49: 32 | BE49: 34 | BF49: =$D49 -> RLCG2B | BG49: =AY49 -> 6 | BH49: =BG49 -> 6 | BI49: =BA49 -> 10 | BJ49: =BI49 -> 10 | BK49: 12 | BO49: 10 | BP49: 11 | BQ49: 12
B50: Middle Infield (2B, SS, 3B) | C50: R/L/C Grounders SS | D50: RLCGSS | E50: Hit 6 ground balls to the player at SS. 2 should be at the player, 2 should make the player move at least 10ft to the right, and 2 should make the player move at least 10ft to the left. The player should not know what direction is coming. The player gets 1 point for fielding the ball cleanly and 2 points if they field it cleanly and hit the target at first base. | F50: SELECT - Right, Center, Left, SELECT - Didn't Field, Fielded but Missed Target, Fielded and Hit Target | G50: Separate Entry for each of the 6 grounders | H50: Multiple Selections | I50: 0 Points - 12 Points | K50: 3 | L50: BETWEEN | M50: 8 | R50: =$D50 -> RLCGSS | S50: =K50 -> 3 | T50: =S50 -> 3 | U50: =M50 -> 8 | V50: =U50 -> 8 | W50: 12 | AA50: 9 | AB50: 9 | AC50: 10 | AE50: 4 | AF50: BETWEEN | AG50: 8 | AL50: =$D50 -> RLCGSS | AM50: =AE50 -> 4 | AN50: =AM50 -> 4 | AO50: =AG50 -> 8 | AP50: =AO50 -> 8 | AQ50: 12 | AU50: 9 | AV50: 10 | AW50: 11 | AY50: 5 | AZ50: BETWEEN | BA50: 9 | BF50: =$D50 -> RLCGSS | BG50: =AY50 -> 5 | BH50: =BG50 -> 5 | BI50: =BA50 -> 9 | BJ50: =BI50 -> 9 | BK50: 12 | BO50: 10 | BP50: 11 | BQ50: 11
B51: Middle Infield (2B, SS, 3B) | C51: R/L/C Grounders 3B | D51: RLCG3B | E51: Hit 6 ground balls to the player at 3B. 2 should be at the player, 2 should make the player move at least 10ft to the right, and 2 should make the player move at least 10ft to the left. The player should not know what direction is coming. The player gets 1 point for fielding the ball cleanly and 2 points if they field it cleanly and hit the target at first base. | F51: SELECT - Right, Center, Left, SELECT - Didn't Field, Fielded but Missed Target, Fielded and Hit Target | G51: Separate Entry for each of the 6 grounders | H51: Multiple Selections | I51: 0 Points - 12 Points | K51: 3 | L51: BETWEEN | M51: 8 | R51: =$D51 -> RLCG3B | S51: =K51 -> 3 | T51: =S51 -> 3 | U51: =M51 -> 8 | V51: =U51 -> 8 | W51: 12 | AA51: 8 | AB51: 9 | AC51: 9 | AE51: 4 | AF51: BETWEEN | AG51: 8 | AL51: =$D51 -> RLCG3B | AM51: =AE51 -> 4 | AN51: =AM51 -> 4 | AO51: =AG51 -> 8 | AP51: =AO51 -> 8 | AQ51: 12 | AU51: 8 | AV51: 9 | AW51: 10 | AY51: 5 | AZ51: BETWEEN | BA51: 9 | BF51: =$D51 -> RLCG3B | BG51: =AY51 -> 5 | BH51: =BG51 -> 5 | BI51: =BA51 -> 9 | BJ51: =BI51 -> 9 | BK51: 12 | BO51: 9 | BP51: 10 | BQ51: 11
B52: Middle Infield (2B, SS, 3B) | C52: Infield Fly 2B | D52: CIFF2B | E52: Hit 3 fly balls to the player at 2B. These should be within a 20ft radius around the player. The player gets 0 points for a miss and 2 points for a catch. | F52: SELECT - Miss, Catch | G52: Separate Entry for each of the 3 fly balls | H52: Selection | I52: 0 Points - 6 Points | K52: 0 | L52: BETWEEN | M52: 4 | N52: 12 | O52: 13 | P52: 14 | Q52: 15 | R52: =$D52 -> CIFF2B | S52: =K52 -> 0 | T52: =S52 -> 0 | U52: =M52 -> 4 | V52: =U52 -> 4 | W52: 6 | AA52: 5 | AB52: 5 | AC52: 5 | AE52: 0 | AF52: BETWEEN | AG52: 4 | AH52: 12 | AI52: 13 | AJ52: 14 | AK52: 15 | AL52: =$D52 -> CIFF2B | AM52: =AE52 -> 0 | AN52: =AM52 -> 0 | AO52: =AG52 -> 4 | AP52: =AO52 -> 4 | AQ52: 6 | AU52: 5 | AV52: 5 | AW52: 5 | AY52: 0 | AZ52: BETWEEN | BA52: 4 | BB52: 12 | BC52: 13 | BD52: 14 | BE52: 16 | BF52: =$D52 -> CIFF2B | BG52: =AY52 -> 0 | BH52: =BG52 -> 0 | BI52: =BA52 -> 4 | BJ52: =BI52 -> 4 | BK52: 6 | BO52: 5 | BP52: 5 | BQ52: 6
B53: Middle Infield (2B, SS, 3B) | C53: Infield Fly SS | D53: CIFFSS | E53: Hit 3 fly balls to the player at SS. These should be within a 20ft radius around the player. The player gets 0 points for a miss and 2 points for a catch. | F53: SELECT - Miss, Catch | G53: Separate Entry for each of the 3 fly balls | H53: Selection | I53: 0 Points - 6 Points | K53: 0 | L53: BETWEEN | M53: 4 | R53: =$D53 -> CIFFSS | S53: =K53 -> 0 | T53: =S53 -> 0 | U53: =M53 -> 4 | V53: =U53 -> 4 | W53: 6 | AA53: 4 | AB53: 5 | AC53: 5 | AE53: 0 | AF53: BETWEEN | AG53: 4 | AL53: =$D53 -> CIFFSS | AM53: =AE53 -> 0 | AN53: =AM53 -> 0 | AO53: =AG53 -> 4 | AP53: =AO53 -> 4 | AQ53: 6 | AU53: 4 | AV53: 5 | AW53: 5 | AY53: 0 | AZ53: BETWEEN | BA53: 4 | BF53: =$D53 -> CIFFSS | BG53: =AY53 -> 0 | BH53: =BG53 -> 0 | BI53: =BA53 -> 4 | BJ53: =BI53 -> 4 | BK53: 6 | BO53: 4 | BP53: 5 | BQ53: 5
B54: Middle Infield (2B, SS, 3B) | C54: Infield Fly 3B | D54: CIFF3B | E54: Hit 3 fly balls to the player at 3B. These should be within a 20ft radius around the player. The player gets 0 points for a miss and 2 points for a catch. | F54: SELECT - Miss, Catch | G54: Separate Entry for each of the 3 fly balls | H54: Selection | I54: 0 Points - 6 Points | K54: 0 | L54: BETWEEN | M54: 4 | R54: =$D54 -> CIFF3B | S54: =K54 -> 0 | T54: =S54 -> 0 | U54: =M54 -> 4 | V54: =U54 -> 4 | W54: 6 | AA54: 4 | AB54: 4 | AC54: 5 | AE54: 0 | AF54: BETWEEN | AG54: 4 | AL54: =$D54 -> CIFF3B | AM54: =AE54 -> 0 | AN54: =AM54 -> 0 | AO54: =AG54 -> 4 | AP54: =AO54 -> 4 | AQ54: 6 | AU54: 4 | AV54: 4 | AW54: 5 | AY54: 0 | AZ54: BETWEEN | BA54: 4 | BF54: =$D54 -> CIFF3B | BG54: =AY54 -> 0 | BH54: =BG54 -> 0 | BI54: =BA54 -> 4 | BJ54: =BI54 -> 4 | BK54: 6 | BO54: 4 | BP54: 4 | BQ54: 5
B55: Middle Infield (2B, SS, 3B) | C55: Line Drives 2B | D55: CLD2B | E55: Hit 3 Line Drives to the player at 2B. These should make the player move inside a 10ft radius. The player gets 0 points for a miss and 2 points for a catch. | F55: SELECT - Miss, Catch | G55: Separate Entry for each of the 3 Line Drives | H55: Selection | I55: 0 Points - 6 Points | K55: 0 | L55: BETWEEN | M55: 4 | N55: 12 | O55: 13 | P55: 14 | Q55: 15 | R55: =$D55 -> CLD2B | S55: =K55 -> 0 | T55: =S55 -> 0 | U55: =M55 -> 4 | V55: =U55 -> 4 | W55: 6 | AA55: 5 | AB55: 5 | AC55: 5 | AE55: 0 | AF55: BETWEEN | AG55: 4 | AH55: 12 | AI55: 13 | AJ55: 14 | AK55: 15 | AL55: =$D55 -> CLD2B | AM55: =AE55 -> 0 | AN55: =AM55 -> 0 | AO55: =AG55 -> 4 | AP55: =AO55 -> 4 | AQ55: 6 | AU55: 5 | AV55: 5 | AW55: 5 | AY55: 0 | AZ55: BETWEEN | BA55: 4 | BB55: 12 | BC55: 13 | BD55: 14 | BE55: 16 | BF55: =$D55 -> CLD2B | BG55: =AY55 -> 0 | BH55: =BG55 -> 0 | BI55: =BA55 -> 4 | BJ55: =BI55 -> 4 | BK55: 6 | BO55: 5 | BP55: 5 | BQ55: 6
B56: Middle Infield (2B, SS, 3B) | C56: Line Drives SS | D56: CLDSS | E56: Hit 3 Line Drives to the player at SS. These should make the player move inside a 10ft radius. The player gets 0 points for a miss and 2 points for a catch. | F56: SELECT - Miss, Catch | G56: Separate Entry for each of the 3 Line Drives | H56: Selection | I56: 0 Points - 6 Points | K56: 0 | L56: BETWEEN | M56: 4 | R56: =$D56 -> CLDSS | S56: =K56 -> 0 | T56: =S56 -> 0 | U56: =M56 -> 4 | V56: =U56 -> 4 | W56: 6 | AA56: 4 | AB56: 5 | AC56: 5 | AE56: 0 | AF56: BETWEEN | AG56: 4 | AL56: =$D56 -> CLDSS | AM56: =AE56 -> 0 | AN56: =AM56 -> 0 | AO56: =AG56 -> 4 | AP56: =AO56 -> 4 | AQ56: 6 | AU56: 4 | AV56: 5 | AW56: 5 | AY56: 0 | AZ56: BETWEEN | BA56: 4 | BF56: =$D56 -> CLDSS | BG56: =AY56 -> 0 | BH56: =BG56 -> 0 | BI56: =BA56 -> 4 | BJ56: =BI56 -> 4 | BK56: 6 | BO56: 4 | BP56: 5 | BQ56: 5
B57: Middle Infield (2B, SS, 3B) | C57: Line Drives 3B | D57: CLD3B | E57: Hit 3 Line Drives to the player at 3B. These should make the player move inside a 10ft radius. The player gets 0 points for a miss and 2 points for a catch. | F57: SELECT - Miss, Catch | G57: Separate Entry for each of the 3 Line Drives | H57: Selection | I57: 0 Points - 6 Points | K57: 0 | L57: BETWEEN | M57: 4 | R57: =$D57 -> CLD3B | S57: =K57 -> 0 | T57: =S57 -> 0 | U57: =M57 -> 4 | V57: =U57 -> 4 | W57: 6 | AA57: 4 | AB57: 4 | AC57: 5 | AE57: 0 | AF57: BETWEEN | AG57: 4 | AL57: =$D57 -> CLD3B | AM57: =AE57 -> 0 | AN57: =AM57 -> 0 | AO57: =AG57 -> 4 | AP57: =AO57 -> 4 | AQ57: 6 | AU57: 4 | AV57: 4 | AW57: 5 | AY57: 0 | AZ57: BETWEEN | BA57: 4 | BF57: =$D57 -> CLD3B | BG57: =AY57 -> 0 | BH57: =BG57 -> 0 | BI57: =BA57 -> 4 | BJ57: =BI57 -> 4 | BK57: 6 | BO57: 4 | BP57: 4 | BQ57: 5
B58: Middle Infield (2B, SS, 3B) | C58: SS to First Time | D58: IFSS1BT | E58: Hit a ball or use a machine to send a ball to a player at shortstop. The ball should be approximately 45 MPH. Time the player from the moment the balll leaves the bat to the time the ball reaches First Base. | F58: INPUT with Optional Stopwatch | H58: Time - Seconds to the hundreth | I58: .5 seconds - 8 seconds | K58: 4.21 | L58: 4.2-3.66 | M58: 3.65 | N58: 3.65 | O58: 3.55 | P58: 3.45 | Q58: 3.3 | R58: (10-IFSS1BT)*2 | S58: =K58 -> 4.21 | T58: =(10-S58)*2 -> 11.58 | U58: =M58 -> 3.65 | V58: =(10-U58)*2 -> 12.7 | W58: =(10-2.75)*2 -> 14.5 | AA58: =(10-O58)*2 -> 12.9 | AB58: =(10-P58)*2 -> 13.1 | AC58: =(10-Q58)*2 -> 13.4 | AE58: 4 | AF58: BETWEEN | AG58: 3.5 | AH58: 3.5 | AI58: 3.4 | AJ58: 3.3 | AK58: 3.15 | AL58: (10-IFSS1BT)*2 | AM58: =AE58 -> 4 | AN58: =(10-AM58)*2 -> 12 | AO58: =AG58 -> 3.5 | AP58: =(10-AO58)*2 -> 13 | AQ58: =(10-2.75)*2 -> 14.5 | AU58: =(10-AI58)*2 -> 13.2 | AV58: =(10-AJ58)*2 -> 13.4 | AW58: =(10-AK58)*2 -> 13.7 | AY58: 3.75 | AZ58: BETWEEN | BA58: 3.25 | BB58: 3.25 | BC58: 3.1 | BD58: 3 | BE58: 2.9 | BF58: (10-IFSS1BT)*2 | BG58: =AY58 -> 3.75 | BH58: =(10-BG58)*2 -> 12.5 | BI58: =BA58 -> 3.25 | BJ58: =(10-BI58)*2 -> 13.5 | BK58: =(10-2.75)*2 -> 14.5 | BO58: =(10-BC58)*2 -> 13.8 | BP58: =(10-BD58)*2 -> 14 | BQ58: =(10-BE58)*2 -> 14.2
B59: Infield Medal Requirements | N59: Must Meet All Category Thresholds | AH59: Must Meet All Category Thresholds | BB59: Must Meet All Category Thresholds
B60: Infield Category Totals | D60: IFSCORE | T60: =SUM(T49:T58) -> 21.58 | V60: =SUM(V49:V58) -> 60.7 | W60: =SUM(W49:W58) -> 86.5 | X60: 50 | Y60: =(T60/W60)*X60 -> 12.473988 | Z60: =(V60/W60)*X60 -> 35.086705 | AA60: =SUM(AA49:AA58) -> 64.9 | AB60: =SUM(AB49:AB58) -> 69.1 | AC60: =SUM(AC49:AC58) -> 73.4 | AN60: =SUM(AN49:AN58) -> 24 | AP60: =SUM(AP49:AP58) -> 62 | AQ60: =SUM(AQ49:AQ58) -> 86.5 | AR60: 50 | AS60: =(AN60/AQ60)*AR60 -> 13.872832 | AT60: =(AP60/AQ60)*AR60 -> 35.83815 | AU60: =SUM(AU49:AU58) -> 66.2 | AV60: =SUM(AV49:AV58) -> 71.4 | AW60: =SUM(AW49:AW58) -> 75.7 | BH60: =SUM(BH49:BH58) -> 28.5 | BJ60: =SUM(BJ49:BJ58) -> 65.5 | BK60: =SUM(BK49:BK58) -> 86.5 | BL60: 50 | BM60: =(BH60/BK60)*BL60 -> 16.473988 | BN60: =(BJ60/BK60)*BL60 -> 37.861272 | BO60: =SUM(BO49:BO58) -> 68.8 | BP60: =SUM(BP49:BP58) -> 74 | BQ60: =SUM(BQ49:BQ58) -> 80.2
B61: Outfield | C61: 20 X 20 Matrix | D61: C20X20M | E61: Set up a 20 yard radius around the player. Hit 10 fly balls to the player at varied points around the coverage area from 50 yards. The player gets 2 points for each catch and 0 for each miss. | F61: SELECT - Miss, Catch | G61: Separate Entry for each of the 10 fly balls | H61: Selection | I61: 0 Points - 20 Points | K61: 4 | L61: 5.0-11 | M61: 12 | N61: 12 | O61: 14 | P61: 16 | Q61: 18 | R61: =D61 -> C20X20M | S61: =K61 -> 4 | T61: =S61 -> 4 | U61: =M61 -> 12 | V61: =U61 -> 12 | W61: 20 | AA61: =O61 -> 14 | AB61: =P61 -> 16 | AC61: =Q61 -> 18 | AE61: 4 | AF61: 5.0-11 | AG61: 12 | AH61: 12 | AI61: 14 | AJ61: 16 | AK61: 18 | AL61: =D61 -> C20X20M | AM61: =AE61 -> 4 | AN61: =AM61 -> 4 | AO61: =AG61 -> 12 | AP61: =AO61 -> 12 | AQ61: 20 | AU61: =AI61 -> 14 | AV61: =AJ61 -> 16 | AW61: =AK61 -> 18 | AY61: 4 | AZ61: 5.0-11 | BA61: 12 | BB61: 12 | BC61: 14 | BD61: 16 | BE61: 18 | BF61: =D61 -> C20X20M | BG61: =AY61 -> 4 | BH61: =BG61 -> 4 | BI61: =BA61 -> 12 | BJ61: =BI61 -> 12 | BK61: 20 | BO61: =BC61 -> 14 | BP61: =BD61 -> 16 | BQ61: =BE61 -> 18
B62: Outfield | C62: 100ft throw to target | D62: T100FT | E62: Set up a pitching target at 100ft from the player. Have the player make 5 throws at the target. The player can get a running start as long as they don't move in front of the 100ft marker. The player gets 0 points for a throw that comes up more than 10 ft short of the target, 1 point for a throw that lands between 10ft and the target, 2 points for a throw that lands at or past the target but misses, and 4 points for each throw that hits the target. | F62: SELECT - >10ft Short, Lands short but misses the target, Bounces into the Target, Lands at or Past the Target, Hits the Target | G62: Separate Entry for each of the 5 throws | H62: Selection | I62: 0 Points - 20 Points | K62: 4 | L62: 5.0-7 | M62: 8 | N62: 8 | O62: 9 | P62: 11 | Q62: 14 | R62: =D62 -> T100FT | S62: =K62 -> 4 | T62: =S62 -> 4 | U62: =M62 -> 8 | V62: =U62 -> 8 | W62: 20 | AA62: =O62 -> 9 | AB62: =P62 -> 11 | AC62: =Q62 -> 14 | AE62: 4 | AF62: 5.0-9 | AG62: 10 | AH62: 10 | AI62: 11 | AJ62: 12 | AK62: 15 | AL62: =D62 -> T100FT | AM62: =AE62 -> 4 | AN62: =AM62 -> 4 | AO62: =AG62 -> 10 | AP62: =AO62 -> 10 | AQ62: 20 | AU62: =AI62 -> 11 | AV62: =AJ62 -> 12 | AW62: =AK62 -> 15 | AY62: 4 | AZ62: 5.0-9 | BA62: 10 | BB62: 10 | BC62: 11 | BD62: 12 | BE62: 15 | BF62: =D62 -> T100FT | BG62: =AY62 -> 4 | BH62: =BG62 -> 4 | BI62: =BA62 -> 10 | BJ62: =BI62 -> 10 | BK62: 20 | BO62: =BC62 -> 11 | BP62: =BD62 -> 12 | BQ62: =BE62 -> 15
B63: Outfield | C63: Ground ball to home time | D63: OFGBHT | E63: Have the player set up 180 ft from home plate in either left or right field. Hit a ground ball with 60 mph exit velo at the player. Time the player from the moment the ball is hit or sent and when the ball crosses the area around home plate. | F63: INPUT with Optional Stopwatch | H63: Time - Seconds to the hundreth | I63: 2 seconds - 12 seconds | K63: 8 | L63: 7.99-6.51 | M63: 6.5 | N63: 6.5 | O63: 6 | P63: 5.75 | Q63: 5.25 | R63: (12-OFGBHT)*2 | S63: =K63 -> 8 | T63: =(12-S63)*2 -> 8 | U63: =M63 -> 6.5 | V63: =(12-U63)*2 -> 11 | W63: =(10-2.75)*2 -> 14.5 | AA63: =(12-O63)*2 -> 12 | AB63: =(12-P63)*2 -> 12.5 | AC63: =(12-Q63)*2 -> 13.5 | AE63: 7 | AF63: 6.99-5.76 | AG63: 5.75 | AH63: 5.75 | AI63: 5.5 | AJ63: 5.3 | AK63: 5.1 | AL63: (12-OFGBHT)*2 | AM63: =AE63 -> 7 | AN63: =(12-AM63)*2 -> 10 | AO63: =AG63 -> 5.75 | AP63: =(12-AO63)*2 -> 12.5 | AQ63: =(10-2.75)*2 -> 14.5 | AU63: =(12-AI63)*2 -> 13 | AV63: =(12-AJ63)*2 -> 13.4 | AW63: =(12-AK63)*2 -> 13.8 | AY63: 7 | AZ63: 6.99-5.76 | BA63: 5.75 | BB63: 5.75 | BC63: 5.5 | BD63: 5.3 | BE63: 5.1 | BF63: (12-OFGBHT)*2 | BG63: =AY63 -> 7 | BH63: =(12-BG63)*2 -> 10 | BI63: =BA63 -> 5.75 | BJ63: =(12-BI63)*2 -> 12.5 | BK63: =(10-2.75)*2 -> 14.5 | BO63: =(12-BC63)*2 -> 13 | BP63: =(12-BD63)*2 -> 13.4 | BQ63: =(12-BE63)*2 -> 13.8
B64: Outfield Medal Requirements | N64: Must Meet All Category Thresholds | AH64: Must Meet All Category Thresholds | BB64: Must Meet All Category Thresholds
B65: Outfield Category Totals | D65: OFSCORE | T65: =SUM(T61:T63) -> 16 | V65: =SUM(V61:V63) -> 31 | W65: =SUM(W61:W63) -> 54.5 | X65: 50 | Y65: =(T65/W65)*X65 -> 14.678899 | Z65: =(V65/W65)*X65 -> 28.440367 | AA65: =SUM(AA61:AA63) -> 35 | AB65: =SUM(AB61:AB63) -> 39.5 | AC65: =SUM(AC61:AC63) -> 45.5 | AN65: =SUM(AN61:AN63) -> 18 | AP65: =SUM(AP61:AP63) -> 34.5 | AQ65: =SUM(AQ61:AQ63) -> 54.5 | AR65: 50 | AS65: =(AN65/AQ65)*AR65 -> 16.513761 | AT65: =(AP65/AQ65)*AR65 -> 31.651376 | AU65: =SUM(AU61:AU63) -> 38 | AV65: =SUM(AV61:AV63) -> 41.4 | AW65: =SUM(AW61:AW63) -> 46.8 | BH65: =SUM(BH61:BH63) -> 18 | BJ65: =SUM(BJ61:BJ63) -> 34.5 | BK65: =SUM(BK61:BK63) -> 54.5 | BL65: 50 | BM65: =(BH65/BK65)*BL65 -> 16.513761 | BN65: =(BJ65/BK65)*BL65 -> 31.651376 | BO65: =SUM(BO61:BO63) -> 38 | BP65: =SUM(BP61:BP63) -> 41.4 | BQ65: =SUM(BQ61:BQ63) -> 46.8
